1770256949513106858,0,-0,-0
1770256949531994630,0,-0,-0
1770256949552065499,0,-0,-0
1770256949572144401,0,-0,-0
1770256949592200134,0,-0,-0
1770256949612340125,0,-0,-0
1770256949632394930,0,-0,-0
1770256949652447463,0,-0,-0
1770256949672691969,0,-0,-0
1770256949692692213,0,-0,-0
1770256949712679048,0,-0,-0
1770256949732730493,0,-0,-0
1770256949752814675,0,-0,-0
1770256949772952810,0,-0,-0
1770256949792991039,0,-0,-0
1770256949813066164,0,-0,-0
1770256949833081800,0,-0,-0
1770256949853235872,0,-0,-0
1770256949873298517,0,-0,-0
1770256949893729778,0,-0,-0
1770256949913499169,0,-0,-0
1770256949933496501,0,-0,-0
1770256949953588971,0,-0,-0
1770256949973728450,0,-0,-0
1770256949993627380,0,-0,-0
1770256950013714506,0,-0,-0
1770256950033921602,0,-0,-0
1770256950053954263,0,-0,-0
1770256950074009868,0,-0,-0
1770256950094045216,0,-0,-0
1770256950114155383,0,-0,-0
1770256950134227340,0,-0,-0
1770256950154293634,0,-0,-0
1770256950174399224,0,-0,-0
1770256950194781172,0,-0,-0
1770256950214538947,0,-0,-0
1770256950234687034,0,-0,-0
1770256950254649229,0,-0,-0
1770256950274693986,0,-0,-0
1770256950294799864,0,-0,-0
1770256950314858125,0,-0,-0
1770256950334968324,0,-0,-0
1770256950355025593,0,-0,-0
1770256950375151472,0,-0,-0
1770256950395199365,0,-0,-0
1770256950415253594,0,-0,-0
1770256950435456914,0,-0,-0
1770256950455430693,0,-0,-0
1770256950475515611,0,-0,-0
1770256950495605777,0,-0,-0
1770256950515735912,0,-0,-0
1770256950535774237,0,-0,-0
1770256950555812721,0,-0,-0
1770256950575801989,0,-0,-0
1770256950595892795,0,-0,-0
1770256950615963024,0,-0,-0
1770256950636090727,0,-0,-0
1770256950656167485,0,-0,-0
1770256950676206417,0,-0,-0
1770256950696316616,0,-0,-0
1770256950716380797,0,-0,-0
1770256950736492275,0,-0,-0
1770256950756457223,0,-0,-0
1770256950776590781,0,-0,-0
1770256950796689203,0,-0,-0
1770256950816661959,0,-0,-0
1770256950837002178,0,-0,-0
1770256950856846419,0,-0,-0
1770256950876984682,0,-0,-0
1770256950897049439,0,-0,-0
1770256950917003218,0,-0,-0
1770256950937069575,0,-0,-0
1770256950957236927,0,-0,-0
1770256950977356789,0,-0,-0
1770256950997316168,0,-0,-0
1770256951017440223,0,-0,-0
1770256951037558902,0,-0,-0
1770256951057657964,0,-0,-0
1770256951077641471,0,-0,-0
1770256951097694740,0,-0,-0
1770256951117756874,0,-0,-0
1770256951137834207,0,-0,-0
1770256951157880276,0,-0,-0
1770256951178006859,0,-0,-0
1770256951198013311,0,-0,-0
1770256951218322937,0,-0,-0
1770256951238360046,0,-0,-0
1770256951258333922,0,-0,-0
1770256951278338070,0,-0,-0
1770256951298570447,0,-0,-0
1770256951318560930,0,-0,-0
1770256951338588439,0,-0,-0
1770256951358723054,0,-0,-0
1770256951378812004,0,-0,-0
1770256951398810711,0,-0,-0
1770256951418884621,0,-0,-0
1770256951438983043,0,-0,-0
1770256951459052024,0,-0,-0
1770256951479115950,0,-0,-0
1770256951499526315,0,-0,-0
1770256951519277369,0,-0,-0
1770256951539436497,0,-0,-0
1770256951559437029,0,-0,-0
1770256951579502042,0,-0,-0
1770256951599557167,0,-0,-0
1770256951619617028,0,-0,-0
1770256951639676185,0,-0,-0
1770256951659713582,0,-0,-0
1770256951679766979,0,-0,-0
1770256951699830681,0,-0,-0
1770256951719896590,0,-0,-0
1770256951740018692,0,-0,-0
1770256951760126683,0,-0,-0
1770256951780190832,0,-0,-0
1770256951800177636,0,-0,-0
1770256951820281178,0,-0,-0
1770256951840435665,0,-0,-0
1770256951860408453,0,-0,-0
1770256951880671102,0,-0,-0
1770256951900546255,0,-0,-0
1770256951920645125,0,-0,-0
1770256951940692154,0,-0,-0
1770256951960830769,0,-0,-0
1770256951980831621,0,-0,-0
1770256952000914043,0,-0,-0
1770256952020956048,0,-0,-0
1770256952041075494,0,-0,-0
1770256952061141404,0,-0,-0
1770256952081208369,0,-0,-0
1770256952101294535,0,-0,-0
1770256952121507328,0,-0,-0
1770256952141505459,0,-0,-0
1770256952161522568,0,-0,-0
1770256952181546972,0,-0,-0
1770256952201664211,0,-0,-0
1770256952221791465,0,-0,-0
1770256952241807390,0,-0,-0
1770256952261963701,0,-0,-0
1770256952281958697,0,-0,-0
1770256952302123040,0,-0,-0
1770256952322094164,0,-0,-0
1770256952342173097,0,-0,-0
1770256952362317344,0,-0,-0
1770256952382510072,0,-0,-0
1770256952402471531,0,-0,-0
1770256952422492640,0,-0,-0
1770256952442754906,0,-0,-0
1770256952462677196,0,-0,-0
1770256952482701984,0,-0,-0
1770256952502894520,0,-0,-0
1770256952522870764,0,-0,-0
1770256952542968738,0,-0,-0
1770256952563006135,0,-0,-0
1770256952583138637,0,-0,-0
1770256952603213603,0,-0,-0
1770256952623233975,0,-0,-0
1770256952643324909,0,-0,-0
1770256952663586119,0,-0,-0
1770256952683639036,0,-0,-0
1770256952703721042,0,-0,-0
1770256952723702597,0,-0,-0
1770256952743717497,0,-0,-0
1770256952763782959,0,-0,-0
1770256952783839396,0,-0,-0
1770256952804058365,0,-0,-0
1770256952823952654,0,-0,-0
1770256952844034788,0,-0,-0
1770256952864077977,0,-0,-0
1770256952884182095,0,-0,-0
1770256952904414024,0,-0,-0
1770256952924401116,0,-0,-0
1770256952944487793,0,-0,-0
1770256952964473477,0,-0,-0
1770256952984564155,0,-0,-0
1770256953004758003,0,-0,-0
1770256953024853417,0,-0,-0
1770256953044936511,0,-0,-0
1770256953064959827,0,-0,-0
1770256953085025289,0,-0,-0
1770256953105073214,0,-0,-0
1770256953125091154,0,-0,-0
1770256953145169191,0,-0,-0
1770256953165222397,0,-0,-0
1770256953185341971,0,-0,-0
1770256953205571852,0,-0,-0
1770256953225581376,0,-0,-0
1770256953245617941,0,-0,-0
1770256953265630697,0,-0,-0
1770256953285714495,0,-0,-0
1770256953305825973,0,-0,-0
1770256953325936268,0,-0,-0
1770256953345947104,0,-0,-0
1770256953366227994,0,-0,-0
1770256953386103691,0,-0,-0
1770256953406161568,0,-0,-0
1770256953426314487,0,-0,-0
1770256953446580913,0,-0,-0
1770256953466418018,0,-0,-0
1770256953486440246,0,-0,-0
1770256953506527788,0,-0,-0
1770256953526640706,0,-0,-0
1770256953546778489,0,-0,-0
1770256953566791533,0,-0,-0
1770256953586854435,0,-0,-0
1770256953607015962,0,-0,-0
1770256953626984877,0,-0,-0
1770256953647115812,0,-0,-0
1770256953667154009,0,-0,-0
1770256953687330513,0,-0,-0
1770256953707325508,0,-0,-0
1770256953727583038,0,-0,-0
1770256953747773910,0,-0,-0
1770256953767916365,0,-0,-0
1770256953787875584,0,-0,-0
1770256953807800818,0,-0,-0
1770256953827842439,0,-0,-0
1770256953847902748,0,-0,-0
1770256953867889520,0,-0,-0
1770256953887987462,0,-0,-0
1770256953908039547,0,-0,-0
1770256953928152370,0,-0,-0
1770256953948164646,0,-0,-0
1770256953968232027,0,-0,-0
1770256953988404147,0,-0,-0
1770256954008409799,0,-0,-0
1770256954028480540,0,-0,-0
1770256954048496817,0,-0,-0
1770256954068688297,0,-0,-0
1770256954088676188,0,-0,-0
1770256954108773970,0,-0,-0
1770256954128877481,0,-0,-0
1770256954148910781,0,-0,-0
1770256954169043060,0,-0,-0
1770256954189091113,0,-0,-0
1770256954209182847,0,-0,-0
1770256954229215924,0,-0,-0
1770256954249349610,0,-0,-0
1770256954269535234,0,-0,-0
1770256954289456373,0,-0,-0
1770256954309581515,0,-0,-0
1770256954329627456,0,-0,-0
1770256954349869721,0,-0,-0
1770256954369829964,0,-0,-0
1770256954389873601,0,-0,-0
1770256954409860437,0,-0,-0
1770256954429995500,0,-0,-0
1770256954450106818,0,-0,-0
1770256954470181496,0,-0,-0
1770256954490260589,0,-0,-0
1770256954510529223,0,-0,-0
1770256954530346999,0,-0,-0
1770256954550472270,0,-0,-0
1770256954570519619,0,-0,-0
1770256954590597400,0,-0,-0
1770256954610650733,0,-0,-0
1770256954630767172,0,-0,-0
1770256954650807769,0,-0,-0
1770256954670897071,0,-0,-0
1770256954690987108,0,-0,-0
1770256954711028057,0,-0,-0
1770256954731091791,0,-0,-0
1770256954751179940,0,-0,-0
1770256954771449374,0,-0,-0
1770256954791403537,0,-0,-0
1770256954811669451,0,-0,-0
1770256954831553596,0,-0,-0
1770256954851602769,0,-0,-0
1770256954871683367,0,-0,-0
1770256954891682843,0,-0,-0
1770256954911759472,0,-0,-0
1770256954931818886,0,-0,-0
1770256954951954397,0,-0,-0
1770256954972178261,0,-0,-0
1770256954992017990,0,-0,-0
1770256955012123740,0,-0,-0
1770256955032250451,0,-0,-0
1770256955052295112,0,-0,-0
1770256955072383229,0,-0,-0
1770256955092402834,0,-0,-0
1770256955112447527,0,-0,-0
1770256955132562173,0,-0,-0
1770256955152585362,0,-0,-0
1770256955172751977,0,-0,-0
1770256955192747005,0,-0,-0
1770256955212836243,0,-0,-0
1770256955232983562,0,-0,-0
1770256955253006046,0,-0,-0
1770256955273115637,0,-0,-0
1770256955293165290,0,-0,-0
1770256955313205279,0,-0,-0
1770256955333518713,0,-0,-0
1770256955353507885,0,-0,-0
1770256955373732582,0,-0,-0
1770256955393537269,0,-0,-0
1770256955413584618,0,-0,-0
1770256955433743394,0,-0,-0
1770256955453759094,0,-0,-0
1770256955473814219,0,-0,-0
1770256955493887425,0,-0,-0
1770256955513975223,0,-0,-0
1770256955534024428,0,-0,-0
1770256955554108097,0,-0,-0
1770256955574177943,0,-0,-0
1770256955594266605,0,-0,-0
1770256955614344226,0,-0,-0
1770256955634569979,0,-0,-0
1770256955654472653,0,-0,-0
1770256955674584323,0,-0,-0
1770256955694724186,0,-0,-0
1770256955714683213,0,-0,-0
1770256955734753155,0,-0,-0
1770256955754829208,0,-0,-0
1770256955775078930,0,-0,-0
1770256955795014596,0,-0,-0
1770256955815062905,0,-0,-0
1770256955835139343,0,-0,-0
1770256955855317895,0,-0,-0
1770256955875264313,0,-0,-0
1770256955895368079,0,-0,-0
1770256955915513415,0,-0,-0
1770256955935639773,0,-0,-0
1770256955955673362,0,-0,-0
1770256955975694534,0,-0,-0
1770256955995782492,0,-0,-0
1770256956015852466,0,-0,-0
1770256956035910407,0,-0,-0
1770256956055993340,0,-0,-0
1770256956076085938,0,-0,-0
1770256956096193865,0,-0,-0
1770256956116239678,0,-0,-0
1770256956136292371,0,-0,-0
1770256956156344360,0,-0,-0
1770256956176419485,0,-0,-0
1770256956196577141,0,-0,-0
1770256956216666763,0,-0,-0
1770256956236786913,0,-0,-0
1770256956256796725,0,-0,-0
1770256956276790217,0,-0,-0
1770256956296882079,0,-0,-0
1770256956317039478,0,-0,-0
1770256956337090987,0,-0,-0
1770256956357087007,0,-0,-0
1770256956377230390,0,-0,-0
1770256956397307212,0,-0,-0
1770256956417395170,0,-0,-0
1770256956437398550,0,-0,-0
1770256956457621166,0,-0,-0
1770256956477617026,0,-0,-0
1770256956497668567,0,-0,-0
1770256956517779534,0,-0,-0
1770256956537770497,0,-0,-0
1770256956557818390,0,-0,-0
1770256956577864587,0,-0,-0
1770256956597940609,0,-0,-0
1770256956618005750,0,-0,-0
1770256956638147981,0,-0,-0
1770256956658243363,0,-0,-0
1770256956678239703,0,-0,-0
1770256956698245867,0,-0,-0
1770256956718336065,0,-0,-0
1770256956738450551,0,-0,-0
1770256956758493292,0,-0,-0
1770256956778557090,0,-0,-0
1770256956798655672,0.00184302,-0,-0
1770256956818742222,0.00184302,-0,-0
1770256956838829955,0.00184302,-0,-0
1770256956859007739,0.376382,-0,-0
1770256956879191891,0.376382,-0,-0
1770256956899096325,0.657287,-0,-0
1770256956919122681,0.657287,-0,-0
1770256956939160718,0.657287,-0,-0
1770256956959265060,0.867965,-0,-0
1770256956979352954,0.867965,-0,-0
1770256956999405263,1.02597,-0,-0
1770256957019639368,1.02597,-0,-0
1770256957039675037,1.02597,-0,-0
1770256957059722066,1.14448,-0,-0
1770256957079782087,1.14448,-0,-0
1770256957099794971,1.23336,-0,-0
1770256957119870865,1.23336,-0,-0
1770256957139894373,1.23336,-0,-0
1770256957159992700,1.30002,-0,-0
1770256957180072081,1.30002,-0,-0
1770256957200134598,1.35002,-0,-0
1770256957220191004,1.35002,-0,-0
1770256957240237137,1.35002,-0,-0
1770256957260315654,1.38751,-0,-0
1770256957280445885,1.38751,-0,-0
1770256957300469681,1.41563,-0,-0
1770256957320623849,1.41563,-0,-0
1770256957340709406,1.41563,-0,-0
1770256957360808021,1.43673,-0,-0
1770256957380948876,1.43673,-0,-0
1770256957400892446,1.45254,-0,-0
1770256957420982452,1.45254,-0,-0
1770256957441049353,1.45254,-0,-0
1770256957461145184,1.46441,-0,-0
1770256957481184212,1.46441,-0,-0
1770256957501256810,1.47331,-0,-0
1770256957521329311,1.47331,-0,-0
1770256957541791773,1.47331,-0,-0
1770256957561604717,1.47998,-0,-0
1770256957581685315,1.47998,-0,-0
1770256957601735448,1.48498,-0,-0
1770256957621747308,1.48498,-0,-0
1770256957641963525,1.48498,-0,-0
1770256957661953496,1.48874,-0,-0
1770256957681949068,1.48874,-0,-0
1770256957702017026,1.49155,-0,-0
1770256957722180121,1.49155,-0,-0
1770256957742454995,1.49367,-0,-0
1770256957762225890,1.49367,-0,-0
1770256957782358361,1.49367,-0,-0
1770256957802435246,1.49525,-0,-0
1770256957822470467,1.49525,-0,-0
1770256957842637691,1.49644,-0,-0
1770256957862659183,1.49644,-0,-0
1770256957882688356,1.49644,-0,-0
1770256957902784730,1.49733,-0,-0
1770256957922946961,1.49733,-0,-0
1770256957942935749,1.498,-0,-0
1770256957962945785,1.498,-0,-0
1770256957983102608,1.498,-0,-0
1770256958003118020,1.4985,-0,-0
1770256958023188858,1.4985,-0,-0
1770256958043263599,1.49887,-0,-0
1770256958063436807,1.49887,-0,-0
1770256958083393050,1.49887,-0,-0
1770256958103656820,1.49915,-0,-0
1770256958123689032,1.49915,-0,-0
1770256958143622363,1.49937,-0,-0
1770256958163719025,1.49937,-0,-0
1770256958183810887,1.49937,-0,-0
1770256958204011967,1.49952,-0,-0
1770256958223953522,1.49952,-0,-0
1770256958244138090,1.49964,-0,-0
1770256958264184415,1.49964,-0,-0
1770256958284194227,1.49964,-0,-0
1770256958304455756,1.49973,-0,-0
1770256958324488097,1.49973,-0,-0
1770256958344436148,1.4998,-0,-0
1770256958364538058,1.4998,-0,-0
1770256958384839973,1.4998,-0,-0
1770256958404960667,1.49985,-0,-0
1770256958425215253,1.49985,-0,-0
1770256958445176648,1.49989,-0,-0
1770256958465357344,1.49989,-0,-0
1770256958485348499,1.49989,-0,-0
1770256958505256997,1.49992,-0,-0
1770256958525336571,1.49992,-0,-0
1770256958545551539,1.49994,-0,-0
1770256958565523687,1.49994,-0,-0
1770256958585562876,1.49994,-0,-0
1770256958605658258,1.49995,-0,-0
1770256958625686406,1.49995,-0,-0
1770256958645805693,1.49996,-0,-0
1770256958665900563,1.49996,-0,-0
1770256958685976648,1.49996,-0,-0
1770256958706103935,1.49997,-0,-0
1770256958726148276,1.49997,-0,-0
1770256958746206377,1.49998,-0,-0
1770256958766246526,1.49998,-0,-0
1770256958786329012,1.49998,-0,-0
1770256958806395625,1.49998,-0,-0
1770256958826503775,1.49998,-0,-0
1770256958846569333,1.49999,-0,-0
1770256958866754380,1.49999,-0,-0
1770256958886765089,1.49999,-0,-0
1770256958906850294,1.49999,-0,-0
1770256958926896171,1.49999,-0,-0
1770256958947037122,1.49999,-0,-0
1770256958967047670,1.49999,-0,-0
1770256958987115724,1.49999,-0,-0
1770256959007202114,1.5,-0,-0
1770256959027404378,1.5,-0,-0
1770256959047389070,1.18731,-0,-0
1770256959067598374,1.18731,-0,-0
1770256959087611610,1.18731,-0,-0
1770256959107896628,0.890483,-0,-0
1770256959127812711,0.890483,-0,-0
1770256959147944605,0.667862,-0,-0
1770256959167908017,0.667862,-0,-0
1770256959187926277,0.667862,-0,-0
1770256959208030331,0.500897,-0,-0
1770256959228106449,0.500897,-0,-0
1770256959248114501,0.375672,-0,-0
1770256959268280508,0.375672,-0,-0
1770256959288278608,0.375672,-0,-0
1770256959308493737,0.281754,-0,-0
1770256959328429659,0.281754,-0,-0
1770256959348482704,0.211316,-0,-0
1770256959368617031,0.211316,-0,-0
1770256959388652124,0.211316,-0,-0
1770256959408676656,0.158487,-0,-0
1770256959428806599,0.158487,-0,-0
1770256959448829308,0.118865,-0,-0
1770256959468881265,0.118865,-0,-0
1770256959489096585,0.118865,-0,-0
1770256959509118398,0,-0,-0
1770256959529166771,0,-0,-0
1770256959549269929,0,-0,-0
1770256959569300029,0,-0,-0
1770256959589444244,0,-0,-0
1770256959609526570,0,-0,-0
1770256959629576031,0,-0,-0
1770256959649744279,0,-0,-0
1770256959669750283,0,-0,-0
1770256959689815936,0,-0,-0
1770256959709834644,0,-0,-0
1770256959729869641,0,-0,-0
1770256959749943071,0,-0,-0
1770256959770017204,0,-0,-0
1770256959790071561,0,-0,-0
1770256959810164351,0,-0,-0
1770256959830226965,0,-0,-0
1770256959850299850,0,-0,-0
1770256959870364895,0,-0,-0
1770256959890418709,0,-0,-0
1770256959910489322,0,-0,-0
1770256959930624481,0,-0,-0
1770256959950670806,0,-0,-0
1770256959970804109,0,-0,-0
1770256959990843105,0,-0,-0
1770256960010973784,0,-0,-0
1770256960030989452,0,-0,-0
1770256960051061666,0,-0,-0
1770256960071106711,0,-0,-0
1770256960091201133,0,-0,-0
1770256960111323075,0,-0,-0
1770256960131432378,0,-0,-0
1770256960151495855,0,-0,-0
1770256960171587685,0,-0,-0
1770256960191736828,0,-0,-0
1770256960211728912,0,-0,-0
1770256960231912168,0,-0,-0
1770256960251855546,0,-0,-0
1770256960271948592,0,-0,-0
1770256960292012006,0,-0,-0
1770256960312067355,0,-0,-0
1770256960332108112,0,-0,-0
1770256960352201510,0,-0,-0
1770256960372344061,0,-0,-0
1770256960392418066,0,-0,-0
1770256960412452743,0,-0,-0
1770256960432509564,0,-0,-0
1770256960452589906,0,-0,-0
1770256960472858412,0,-0,-0
1770256960492806398,0,-0,-0
1770256960512904148,0,-0,-0
1770256960532864455,0,-0,-0
1770256960553022783,0,-0,-0
1770256960573167606,0,-0,-0
1770256960593193834,0,-0,-0
1770256960613244415,0,-0,-0
1770256960633335957,0,-0,-0
1770256960653440460,0,-0,-0
1770256960673600099,0,-0,-0
1770256960693671192,0,-0,-0
1770256960713661772,0,-0,-0
1770256960733695361,0,-0,-0
1770256960753717909,0,-0,-0
1770256960773857228,0,-0,-0
1770256960793850509,0,-0,-0
1770256960813956730,0,-0,-0
1770256960834021989,0,-0,-0
1770256960854092528,0,-0,-0
1770256960874161244,0,-0,-0
1770256960894285001,0,-0,-0
1770256960914295891,0,-0,-0
1770256960934422911,0,-0,-0
1770256960954466346,0,-0,-0
1770256960974540758,0,-0,-0
1770256960994740100,0,-0,-0
1770256961014670476,0,-0,-0
1770256961034742808,0,-0,-0
1770256961054839716,0,-0,-0
1770256961074930160,0,-0,-0
1770256961094996635,0,-0,-0
1770256961115046726,0,-0,-0
1770256961135219540,0,-0,-0
1770256961155232542,0,-0,-0
1770256961175315754,0,-0,-0
1770256961195445111,0,-0,-0
1770256961215507458,0,-0,-0
1770256961235541644,0,-0,-0
1770256961255698298,0,-0,-0
1770256961275790214,0,-0,-0
1770256961295772303,0,-0,-0
1770256961315825530,0,-0,-0
1770256961335878661,0,-0,-0
1770256961356035283,0,-0,-0
1770256961376078974,0,-0,-0
1770256961396169098,0,-0,-0
1770256961416237269,0,-0,-0
1770256961436284736,0,-0,-0
1770256961456528975,0,-0,-0
1770256961476479096,0,-0,-0
1770256961496529667,0,-0,-0
1770256961516677424,0,-0,-0
1770256961536759292,0,-0,-0
1770256961556798087,0,-0,-0
1770256961576916755,0,-0,-0
1770256961596969662,0,-0,-0
1770256961617022505,0,-0,-0
1770256961637110997,0,-0,-0
1770256961657109247,0,-0,-0
1770256961677208299,0,-0,-0
1770256961697300247,0,-0,-0
1770256961717343234,0,-0,-0
1770256961737512143,0,-0,-0
1770256961757640604,0,-0,-0
1770256961777747721,0,-0,-0
1770256961797821012,0,-0,-0
1770256961817847071,0,-0,-0
1770256961837851560,0,-0,-0
1770256961857915700,0,-0,-0
1770256961877984895,0,-0,-0
1770256961898038122,0,-0,-0
1770256961918120790,0,-0,-0
1770256961938197186,0,-0,-0
1770256961958236268,0,-0,-0
1770256961978297720,0,-0,-0
1770256961998475109,0,-0,-0
1770256962018547281,0,-0,-0
1770256962038815489,0,-0,-0
1770256962058844907,0,-0,-0
1770256962078745459,0,-0,-0
1770256962098800606,0,-0,-0
1770256962118878698,0,-0,-0
1770256962138955829,0,-0,-0
