1765574910863855337,0,-0,-0
1765574910883917589,0,-0,-0
1765574910904042243,0,-0,-0
1765574910924192626,0,-0,-0
1765574910944083642,0,-0,-0
1765574910964120710,0,-0,-0
1765574910984177907,0,-0,-0
1765574911004328001,0,-0,-0
1765574911024358093,0,-0,-0
1765574911044422873,0,-0,-0
1765574911064526439,0,-0,-0
1765574911084564819,0,-0,-0
1765574911104667488,0,-0,-0
1765574911124702796,0,-0,-0
1765574911144809145,0,-0,-0
1765574911164875910,0,-0,-0
1765574911184958675,0,-0,-0
1765574911205133282,0,-0,-0
1765574911225168846,0,-0,-0
1765574911245253243,0,-0,-0
1765574911265260806,0,-0,-0
1765574911285404244,0,-0,-0
1765574911305419360,0,-0,-0
1765574911325528941,0,-0,-0
1765574911345609690,0,-0,-0
1765574911365673223,0,-0,-0
1765574911386016122,0,-0,-0
1765574911405959780,0,-0,-0
1765574911425929742,0,-0,-0
1765574911445991418,0,-0,-0
1765574911466030886,0,-0,-0
1765574911486093651,0,-0,-0
1765574911506125727,0,-0,-0
1765574911526228460,0,-0,-0
1765574911546359738,0,-0,-0
1765574911566434215,0,-0,-0
1765574911586467539,0,-0,-0
1765574911606520063,0,-0,-0
1765574911626615244,0,-0,-0
1765574911646735866,0,-0,-0
1765574911666769958,0,-0,-0
1765574911686875475,0,-0,-0
1765574911706903807,0,-0,-0
1765574911726958699,0,-0,-0
1765574911747047672,0,-0,-0
1765574911767151142,0,-0,-0
1765574911787211218,0,-0,-0
1765574911807337024,0,-0,-0
1765574911827368780,0,-0,-0
1765574911847493498,0,-0,-0
1765574911867556582,0,-0,-0
1765574911888206848,0,-0,-0
1765574911908048072,0,-0,-0
1765574911927968593,0,-0,-0
1765574911947993693,0,-0,-0
1765574911968216301,0,-0,-0
1765574911988412764,0,-0,-0
1765574912008120993,0,-0,-0
1765574912028159309,0,-0,-0
1765574912048207065,0,-0,-0
1765574912068329095,0,-0,-0
1765574912088413812,0,-0,-0
1765574912108483328,0,-0,-0
1765574912128614830,0.240054,-0,-0
1765574912148632474,0.240054,-0,-0
1765574912168727559,0.55034,-0,-0
1765574912188803060,0.55034,-0,-0
1765574912208876640,0.55034,-0,-0
1765574912228928205,0.787755,-0,-0
1765574912249025466,0.787755,-0,-0
1765574912269123783,0.965816,-0,-0
1765574912289226613,0.965816,-0,-0
1765574912309248512,0.965816,-0,-0
1765574912329330381,1.09936,-0,-0
1765574912349410554,1.09936,-0,-0
1765574912369436742,1.19952,-0,-0
1765574912389729783,1.19952,-0,-0
1765574912409655329,1.27464,-0,-0
1765574912429905970,1.27464,-0,-0
1765574912449895868,1.27464,-0,-0
1765574912469954953,1.33098,-0,-0
1765574912489976532,1.33098,-0,-0
1765574912509987328,1.37324,-0,-0
1765574912530020939,1.37324,-0,-0
1765574912550071608,1.37324,-0,-0
1765574912570125636,1.40493,-0,-0
1765574912590338036,1.40493,-0,-0
1765574912610310878,1.4287,-0,-0
1765574912630358122,1.4287,-0,-0
1765574912650524569,1.4287,-0,-0
1765574912670579782,1.44652,-0,-0
1765574912690571217,1.44652,-0,-0
1765574912710689886,1.45989,-0,-0
1765574912730738826,1.45989,-0,-0
1765574912750883385,1.45989,-0,-0
1765574912770924101,1.46992,-0,-0
1765574912791025266,1.46992,-0,-0
1765574912811047198,1.47739,-0,-0
1765574912831108874,1.47739,-0,-0
1765574912851174615,1.47739,-0,-0
1765574912871402951,1.47908,-0,-0
1765574912891323568,1.47908,-0,-0
1765574912911416477,1.47887,-0,-0
1765574912931461770,1.47887,-0,-0
1765574912951749435,1.47887,-0,-0
1765574912971798919,1.40307,-0,-0
1765574912991739473,1.40307,-0,-0
1765574913011845151,1.22381,-0,-0
1765574913032021806,1.22381,-0,-0
1765574913051979928,1.22381,-0,-0
1765574913072124774,0.917855,-0,-0
1765574913092104913,0.917855,-0,-0
1765574913112201342,0.688391,-0,-0
1765574913132272107,0.688391,-0,-0
1765574913152342103,0.688391,-0,-0
1765574913172367331,0.516293,-0,-0
1765574913192482833,0.516293,-0,-0
1765574913212543741,0.38722,-0,-0
1765574913232588233,0.38722,-0,-0
1765574913252697815,0.38722,-0,-0
1765574913272806084,0.290415,-0,-0
1765574913292866321,0.290415,-0,-0
1765574913312957374,0.217811,-0,-0
1765574913333049419,0.217811,-0,-0
1765574913353128504,0.217811,-0,-0
1765574913373150243,0.163358,-0,-0
1765574913393344819,0.163358,-0,-0
1765574913413426304,0.122519,-0,-0
1765574913433436459,0.122519,-0,-0
1765574913453423638,0.122519,-0,-0
1765574913473855947,0,-0,-0
1765574913493829013,0,-0,-0
1765574913513698333,0,-0,-0
1765574913533787978,0,-0,-0
1765574913553824758,0,-0,-0
1765574913573972613,0,-0,-0
1765574913594047666,0,-0,-0
1765574913614160351,0,-0,-0
1765574913634135242,0,-0,-0
1765574913654229911,0,-0,-0
1765574913674297411,0,-0,-0
1765574913694324687,0,-0,-0
1765574913714496862,0,-0,-0
1765574913734521034,0,-0,-0
1765574913754619351,0,-0,-0
1765574913774695652,0,-0,-0
1765574913794759696,0,-0,-0
1765574913814827037,0,-0,-0
1765574913834977995,0,-0,-0
1765574913854960054,0,-0,-0
1765574913875096804,0,-0,-0
1765574913895097871,0,-0,-0
1765574913915278527,-0.0620525,-0,-0
1765574913935381772,-0.0620525,-0,-0
1765574913955412568,-0.0620525,-0,-0
1765574913975450500,-0.148971,-0,-0
1765574913995519408,-0.148971,-0,-0
1765574914015790722,-0.265597,-0,-0
1765574914035874927,-0.265597,-0,-0
1765574914055806136,-0.265597,-0,-0
1765574914075943302,-0.409391,-0,-0
1765574914095999923,-0.409391,-0,-0
1765574914116067007,-0.546299,-0,-0
1765574914136195565,-0.546299,-0,-0
1765574914156209145,-0.546299,-0,-0
1765574914176275237,-0.649237,-0,-0
1765574914196387315,-0.649237,-0,-0
1765574914216418494,-0.733385,-0,-0
1765574914236517452,-0.733385,-0,-0
1765574914256606169,-0.733385,-0,-0
1765574914276653765,-0.809612,-0,-0
1765574914296813108,-0.809612,-0,-0
1765574914316899425,-0.922593,-0,-0
1765574914336979566,-0.922593,-0,-0
1765574914357080091,-0.922593,-0,-0
1765574914377049253,-1.0315,-0,-0
1765574914397143603,-1.0315,-0,-0
1765574914417186431,-1.11344,-0,-0
1765574914437423471,-1.11344,-0,-0
1765574914457395225,-1.11344,-0,-0
1765574914477540936,-1.17413,-0,-0
1765574914497490674,-1.17413,-0,-0
1765574914517601759,-1.21733,-0,-0
1765574914537694029,-1.21733,-0,-0
1765574914557759705,-1.21733,-0,-0
1765574914578089100,-1.2487,-0,-0
1765574914598073526,-1.2487,-0,-0
1765574914618118818,-1.27197,-0,-0
1765574914638148270,-1.27197,-0,-0
1765574914658229275,-1.27197,-0,-0
1765574914678227302,-1.28968,-0,-0
1765574914698243154,-1.28968,-0,-0
1765574914718411616,-1.3027,-0,-0
1765574914738411179,-1.3027,-0,-0
1765574914758469880,-1.3027,-0,-0
1765574914778544005,-1.3117,-0,-0
1765574914798645682,-1.3117,-0,-0
1765574914819016710,-1.31305,-0,-0
1765574914838852525,-1.31305,-0,-0
1765574914858844792,-1.31305,-0,-0
1765574914878946629,-1.30917,-0,-0
1765574914899047954,-1.30917,-0,-0
1765574914919170112,-1.30523,-0,-0
1765574914939154795,-1.30523,-0,-0
1765574914959304122,-1.30523,-0,-0
1765574914979295620,-1.301,-0,-0
1765574914999442547,-1.301,-0,-0
1765574915019567073,-1.29576,-0,-0
1765574915039581196,-1.29576,-0,-0
1765574915059730971,-1.29576,-0,-0
1765574915079679396,-1.28823,-0,-0
1765574915100031416,-1.28823,-0,-0
1765574915119852766,-1.28207,-0,-0
1765574915140018765,-1.28207,-0,-0
1765574915159995416,-1.26356,-0,-0
1765574915180057124,-1.26356,-0,-0
1765574915200212659,-1.26356,-0,-0
1765574915220386146,-1.23862,-0,-0
1765574915240277131,-1.23862,-0,-0
1765574915260360119,-1.21838,-0,-0
1765574915280531750,-1.21838,-0,-0
1765574915300592435,-1.21838,-0,-0
1765574915320595070,-1.20319,-0,-0
1765574915340703436,-1.20319,-0,-0
1765574915360786777,-1.19154,-0,-0
1765574915381049354,-1.19154,-0,-0
1765574915400958387,-1.19154,-0,-0
1765574915420992030,-1.18229,-0,-0
1765574915441036778,-1.18229,-0,-0
1765574915461202777,-1.16815,-0,-0
1765574915481195268,-1.16815,-0,-0
1765574915501393364,-1.16815,-0,-0
1765574915521464992,-1.15704,-0,-0
1765574915541525965,-1.15704,-0,-0
1765574915561516952,-1.14715,-0,-0
1765574915581607493,-1.14715,-0,-0
1765574915601679346,-1.14715,-0,-0
1765574915621825760,-1.13717,-0,-0
1765574915642052016,-1.13717,-0,-0
1765574915662055067,-1.10885,-0,-0
1765574915682061159,-1.10885,-0,-0
1765574915702050449,-1.10885,-0,-0
1765574915722210304,-1.05932,-0,-0
1765574915742244876,-1.05932,-0,-0
1765574915762290264,-1.01111,-0,-0
1765574915782417414,-1.01111,-0,-0
1765574915802459538,-1.01111,-0,-0
1765574915822510782,-0.974958,-0,-0
1765574915842605227,-0.974958,-0,-0
1765574915862679384,-0.948099,-0,-0
1765574915882725316,-0.948099,-0,-0
1765574915902781873,-0.948099,-0,-0
1765574915922969728,-0.928212,-0,-0
1765574915942936042,-0.928212,-0,-0
1765574915963001591,-0.913296,-0,-0
1765574915983069059,-0.913296,-0,-0
1765574916003169745,-0.913296,-0,-0
1765574916023255134,-0.89928,-0,-0
1765574916043324074,-0.89928,-0,-0
1765574916063405815,-0.67446,-0,-0
1765574916083455300,-0.67446,-0,-0
1765574916103573873,-0.67446,-0,-0
1765574916123741184,-0.505845,-0,-0
1765574916143760588,-0.505845,-0,-0
1765574916163818264,-0.379384,-0,-0
1765574916183892485,-0.379384,-0,-0
1765574916203999506,-0.379384,-0,-0
1765574916224015806,-0.284538,-0,-0
1765574916244113739,-0.284538,-0,-0
1765574916264291546,-0.213403,-0,-0
1765574916284266565,-0.213403,-0,-0
1765574916304356978,-0.213403,-0,-0
1765574916324418846,-0.160053,-0,-0
1765574916344457066,-0.160053,-0,-0
1765574916364580920,-0.120039,-0,-0
1765574916384697350,-0.120039,-0,-0
1765574916404762674,-0.120039,-0,-0
1765574916424858528,0,-0,-0
1765574916444862283,0,-0,-0
1765574916464940216,0,-0,-0
1765574916485014052,0,-0,-0
1765574916505163763,0,-0,-0
1765574916525201983,0,-0,-0
1765574916545358733,0,-0,-0
1765574916565424122,0,-0,-0
1765574916585866447,0,-0,-0
1765574916605738327,0,-0,-0
1765574916625690977,0,-0,-0
1765574916645565033,0,-0,-0
1765574916665648022,0,-0,-0
1765574916685705987,0,-0,-0
1765574916705780911,0,-0,-0
1765574916725848956,0.00722909,-0,-0
1765574916746124109,0.00722909,-0,-0
1765574916766090072,0.0557395,-0,-0
1765574916786198917,0.0557395,-0,-0
1765574916806306803,0.0557395,-0,-0
1765574916826305726,0.0977532,-0,-0
1765574916846380235,0.0977532,-0,-0
1765574916866527289,0.150073,-0,-0
1765574916886513092,0.150073,-0,-0
1765574916906605329,0.150073,-0,-0
1765574916926619708,0.190782,-0,-0
1765574916946740234,0.190782,-0,-0
1765574916966787766,0.255834,-0,-0
1765574916986919460,0.255834,-0,-0
1765574917006964368,0.255834,-0,-0
1765574917027025981,0.326167,-0,-0
1765574917047104362,0.326167,-0,-0
1765574917067141462,0.405113,-0,-0
1765574917087304164,0.405113,-0,-0
1765574917107287023,0.405113,-0,-0
1765574917127444190,0.470932,-0,-0
1765574917147530027,0.470932,-0,-0
1765574917167597943,0.543555,-0,-0
1765574917187803655,0.543555,-0,-0
1765574917207685679,0.543555,-0,-0
1765574917227844286,0.619811,-0,-0
1765574917247935531,0.619811,-0,-0
1765574917267918966,0.677492,-0,-0
1765574917288339819,0.677492,-0,-0
1765574917308374358,0.677492,-0,-0
1765574917328359713,0.720264,-0,-0
1765574917348345516,0.720264,-0,-0
1765574917368441145,0.74916,-0,-0
1765574917388412132,0.74916,-0,-0
1765574917408511025,0.74916,-0,-0
1765574917428567965,0.769363,-0,-0
1765574917448643466,0.769363,-0,-0
1765574917468729463,0.781822,-0,-0
1765574917488777059,0.781822,-0,-0
1765574917508921393,0.781822,-0,-0
1765574917528964350,0.787005,-0,-0
1765574917549039402,0.787005,-0,-0
1765574917569077142,0.790892,-0,-0
1765574917589147267,0.790892,-0,-0
1765574917609271249,0.793562,-0,-0
1765574917629339677,0.793562,-0,-0
1765574917649384841,0.793562,-0,-0
1765574917669447990,0.79581,-0,-0
1765574917689613797,0.79581,-0,-0
1765574917709690130,0.797251,-0,-0
1765574917729765406,0.797251,-0,-0
1765574917749993583,0.797251,-0,-0
1765574917769887799,0.798576,-0,-0
1765574917789960004,0.798576,-0,-0
1765574917810024689,0.799325,-0,-0
1765574917830189599,0.799325,-0,-0
1765574917850159690,0.799325,-0,-0
1765574917870204310,0.800132,-0,-0
1765574917890267906,0.800132,-0,-0
1765574917910326063,0.800248,-0,-0.0745073
1765574917930464605,0.800248,-0,-0.0745073
1765574917950507145,0.800248,-0,-0.0745073
1765574917970616471,0.798375,-0,-0.184646
1765574917990656899,0.798375,-0,-0.184646
1765574918010775824,0.796727,-0,-0.28951
1765574918030789692,0.796727,-0,-0.28951
1765574918050855688,0.796727,-0,-0.28951
1765574918070960310,0.795,-0,-0.421952
1765574918091018018,0.795,-0,-0.421952
1765574918111100655,0.793461,-0,-0.525922
1765574918131187804,0.793461,-0,-0.525922
1765574918151303338,0.793461,-0,-0.525922
1765574918171348470,0.792306,-0,-0.568654
1765574918191455875,0.792306,-0,-0.568654
1765574918211509904,0.79144,-0,-0.505635
1765574918231596925,0.79144,-0,-0.505635
1765574918251706762,0.79144,-0,-0.505635
1765574918271821688,0.790791,-0,-0.379227
1765574918291884580,0.790791,-0,-0.379227
1765574918311966129,0.790304,-0,-0.28442
1765574918332165217,0.790304,-0,-0.28442
1765574918352108171,0.790304,-0,-0.28442
1765574918372200314,0.790183,-0,-0
1765574918392243165,0.790183,-0,-0
1765574918412431909,0.789848,-0,-0
1765574918432457768,0.789848,-0,-0
1765574918452457834,0.789848,-0,-0
1765574918472598064,0.789597,-0,-0
1765574918492654420,0.789597,-0,-0
1765574918512748345,0.789408,-0,-0
1765574918532842526,0.789408,-0,-0
1765574918552929442,0.789408,-0,-0
1765574918572923397,0.789511,-0,-0
1765574918593046762,0.789511,-0,-0
1765574918613082094,0.789344,-0,-0
1765574918633315414,0.789344,-0,-0
1765574918653215862,0.789344,-0,-0
1765574918673363868,0.758126,-0,-0
1765574918693383007,0.758126,-0,-0
1765574918713449187,0.568595,-0,-0
1765574918733500263,0.568595,-0,-0
1765574918753602124,0.568595,-0,-0
1765574918773666960,0.426446,-0,-0
1765574918793734420,0.426446,-0,-0
1765574918813878938,0.319835,-0,-0
1765574918833848796,0.319835,-0,-0
1765574918853921632,0.319835,-0,-0
1765574918874084583,0.239876,-0,-0
1765574918894115050,0.239876,-0,-0
1765574918914184206,0.179907,-0,-0
1765574918934259795,0.179907,-0,-0
1765574918954370936,0.179907,-0,-0
1765574918974392763,0.13493,-0,-0
1765574918994482848,0.13493,-0,-0
1765574919014549892,0,-0,-0
1765574919034701642,0,-0,-0
1765574919054669900,0,-0,-0
1765574919074730448,0,-0,-0
1765574919094838581,0,-0,-0
1765574919114933882,0,-0,-0
1765574919135016798,0,-0,-0
1765574919155026145,0,-0,-0
1765574919175162023,0,-0,-0
1765574919195234219,0,-0,-0
1765574919215327408,0,-0,-0
1765574919235393972,0,-0,-0
1765574919255472568,0,-0,-0
1765574919275516412,0,-0,-0
1765574919295652418,0,-0,-0
1765574919315689573,0,-0,-0
1765574919335839051,0,-0,-0
1765574919355839502,0,-0,-0
1765574919376151928,0,-0,-0
1765574919396152315,0,-0,-0
1765574919416085660,0,-0,-0
1765574919436126111,0,-0,-0
1765574919456260293,0,-0,-0
1765574919476331977,0,-0,-0
1765574919496353932,0,-0,-0
1765574919516457841,0,-0,-0
1765574919536513909,0,-0,-0
1765574919556571833,0,-0,-0
1765574919576643389,0,-0,0.225304
1765574919596738562,0,-0,0.225304
1765574919616808294,0,-0,0.595706
1765574919636870186,0,-0,0.595706
1765574919656952111,0,-0,0.595706
1765574919677008563,0,-0,1.13619
1765574919697101784,0,-0,1.13619
1765574919717158236,0,-0,1.54155
1765574919737307010,0,-0,1.54155
1765574919757341477,0,-0,1.54155
1765574919777459114,0,-0,1.8555
1765574919797486702,0,-0,1.8555
1765574919817595571,0,-0,2.09097
1765574919837666903,0,-0,2.09097
1765574919857859902,0,-0,2.09097
1765574919877818016,0,-0,2.26756
1765574919897838851,0,-0,2.26756
1765574919918055563,0,-0,2.40057
1765574919938058125,0,-0,2.40057
1765574919958152402,0,-0,2.40057
1765574919978083539,0,-0,2.49976
1765574919998332891,0,-0,2.49976
1765574920018299613,0,-0,2.57472
1765574920038369377,0,-0,2.57472
1765574920058510567,0,-0,2.57472
1765574920078594540,0,-0,2.63093
1765574920098602447,0,-0,2.63093
1765574920118694643,0,-0,2.67309
1765574920138716374,0,-0,2.67309
1765574920158779834,0,-0,2.67309
1765574920178902688,0,-0,2.70471
1765574920198973092,0,-0,2.70471
1765574920219048201,0,-0,2.72898
1765574920239091276,0,-0,2.72898
1765574920259237234,0,-0,2.72898
1765574920279364760,0,-0,2.64784
1765574920299454717,0,-0,2.64784
1765574920319486208,0,-0,2.52132
1765574920339539748,0,-0,2.52132
1765574920359657993,0,-0,1.89099
1765574920379813007,0,-0,1.89099
1765574920399786065,0,-0,1.89099
1765574920419939863,0,-0,1.41825
1765574920439938554,0,-0,1.41825
1765574920460156898,0,-0,1.06368
1765574920480203237,0,-0,1.06368
1765574920500224424,0,-0,1.06368
1765574920520273260,0,-0,0.797763
1765574920540341680,0,-0,0.797763
1765574920560447637,0,-0,0.598322
1765574920580490041,0,-0,0.598322
1765574920600529629,0,-0,0.598322
1765574920620637826,0,-0,0.448742
1765574920640709798,0,-0,0.448742
1765574920660785834,0,-0,0.336556
1765574920680827118,0,-0,0.336556
1765574920700928723,0,-0,0.336556
1765574920720997463,0,-0,0.252417
1765574920741068315,0,-0,0.252417
1765574920761163232,0,-0,-0
1765574920781266053,0,-0,-0
1765574920801271624,0,-0,-0
1765574920821357772,0,-0,-0
1765574920841446417,0,-0,-0
1765574920861548950,0,-0,-0
1765574920881603802,0,-0,-0
1765574920901789857,0,-0,-0
1765574920921897542,0,-0,-0
1765574920941882792,0,-0,-0
1765574920961974861,0,-0,-0
1765574920982114803,0,-0,-0
1765574921002110805,0,-0,-0
1765574921022119672,0,-0,-0.202965
1765574921042371297,0,-0,-0.202965
1765574921062308898,0,-0,-0.610713
1765574921082323941,0,-0,-0.610713
1765574921102357704,0,-0,-0.610713
1765574921122500270,0,-0,-1.03014
1765574921142564530,0,-0,-1.03014
1765574921162632982,0,-0,-1.35121
1765574921182820477,0,-0,-1.35121
1765574921202767967,0,-0,-1.35121
1765574921222954278,0,-0,-1.59293
1765574921242985417,0,-0,-1.59293
1765574921263061613,0,-0,-1.77423
1765574921283108593,0,-0,-1.77423
1765574921303188886,0,-0,-1.77423
1765574921323281370,0,-0,-1.90927
1765574921343359295,0,-0,-1.90927
1765574921363415043,0,-0,-2.01055
1765574921383480455,0,-0,-2.01055
1765574921403553355,0,-0,-2.01055
1765574921423628079,0,-0,-2.08512
1765574921443682355,0,-0,-2.08512
1765574921463984797,0,-0,-2.13873
1765574921483820604,0,-0,-2.13873
1765574921504009699,0,-0,-2.13873
1765574921524180617,0,-0,-2.17708
1765574921544167308,0,-0,-2.17708
1765574921564205007,0,-0,-2.20353
1765574921584236338,0,-0,-2.20353
1765574921604373592,0,-0,-2.20353
1765574921624435900,0,-0,-2.21872
1765574921644493024,0,-0,-2.21872
1765574921664540004,0,-0,-2.22641
1765574921684601480,0,-0,-2.22641
1765574921704703949,0,-0,-2.22641
1765574921724849779,0,-0,-2.22754
1765574921744906519,0,-0,-2.22754
1765574921764994171,0,-0,-2.22375
1765574921785055711,0,-0,-2.22375
1765574921805062402,0,-0,-2.22375
1765574921825226217,0,-0,-2.21395
1765574921845332078,0,-0,-2.21395
1765574921865332368,0,-0,-2.20521
1765574921885382996,0,-0,-2.20521
1765574921905418199,0,-0,-2.20521
1765574921925556445,0,-0,-2.19587
1765574921945798758,0,-0,-2.19587
1765574921965758119,0,-0,-2.18747
1765574921985825995,0,-0,-2.18747
1765574922005801357,0,-0,-2.18747
1765574922025977428,0,-0,-2.18071
1765574922046005111,0,-0,-2.18071
1765574922066208447,0,-0,-2.17425
1765574922086208161,0,-0,-2.17425
1765574922106251813,0,-0,-2.17425
1765574922126352746,0,-0,-2.16941
1765574922146324012,0,-0,-2.16941
1765574922166456657,0,-0,-2.16577
1765574922186506997,0,-0,-2.16577
1765574922206598618,0,-0,-2.16577
1765574922226656734,0,-0,-2.16305
1765574922246779683,0,-0,-2.16305
1765574922266795014,0,-0,-2.16007
1765574922286892939,0,-0,-2.16007
1765574922306974640,0,-0,-2.16007
1765574922327014291,0,-0,-2.15785
1765574922347092344,0,-0,-2.15785
1765574922367254334,0,-0,-2.15571
1765574922387255169,0,-0,-2.15571
1765574922407287044,0,-0,-2.15571
1765574922427381449,0,-0,-2.15411
1765574922447474254,0,-0,-2.15411
1765574922467518481,0,-0,-2.15244
1765574922487775194,0,-0,-2.15244
1765574922507775036,0,-0,-2.15244
1765574922528057542,0,-0,-2.15073
1765574922547984487,0,-0,-2.15073
1765574922568160493,0,-0,-2.14945
1765574922588311284,0,-0,-2.14945
1765574922608468058,0,-0,-2.14945
1765574922628442684,0,-0,-2.14848
1765574922648515840,0,-0,-2.14848
1765574922668462145,0,-0,-2.12875
1765574922688529317,0,-0,-2.12875
1765574922708696652,0,-0,-2.12875
1765574922728619853,0,-0,-2.08566
1765574922748698801,0,-0,-2.08566
1765574922768719700,0,-0,-1.56424
1765574922788851546,0,-0,-1.56424
1765574922808907934,0,-0,-1.56424
1765574922828943681,0,-0,-1.17318
1765574922849007685,0,-0,-1.17318
1765574922869108970,0,-0,-0.879887
1765574922889130957,0,-0,-0.879887
1765574922909404278,0,-0,-0.879887
1765574922929393529,0,-0,-0.659915
1765574922949451357,0,-0,-0.659915
1765574922969503425,0,-0,-0.494936
1765574922989563845,0,-0,-0.494936
1765574923009639465,0,-0,-0.371202
1765574923029795375,0,-0,-0.371202
1765574923049805330,0,-0,-0.371202
1765574923070045274,0,-0,-0.278402
1765574923089877721,0,-0,-0.278402
1765574923110137442,0,-0,-0
1765574923130022817,0,-0,-0
1765574923150139911,0,-0,-0
1765574923170220587,0,-0,-0
1765574923190273519,0,-0,-0
1765574923210413813,0,-0,-0
1765574923230398423,0,-0,-0
1765574923250527837,0,-0,-0
1765574923270581761,0,-0,-0
1765574923290604612,0,-0,-0
1765574923310676328,0,-0,-0
1765574923330826286,0,-0,-0
1765574923350884882,0,-0,-0
1765574923370983063,0,-0,-0
1765574923391062715,0,-0,-0
1765574923411091455,0,-0,-0
1765574923431145538,0,-0,-0
1765574923451188102,0,-0,-0
1765574923471265706,0,-0,0.279385
1765574923491370480,0,-0,0.279385
1765574923511407539,0,-0,0.6313
1765574923531566201,0,-0,0.6313
1765574923551579164,0,-0,0.6313
1765574923571635808,0,-0,0.934969
1765574923591841544,0,-0,0.934969
1765574923612026223,0,-0,1.16548
1765574923631980432,0,-0,1.16548
1765574923651915729,0,-0,1.16548
1765574923671991221,0,-0,1.33892
1765574923692083354,0,-0,1.33892
1765574923712202464,0,-0,1.46844
1765574923732263076,0,-0,1.46844
1765574923752442154,0,-0,1.46844
1765574923772354411,0,-0,1.62684
1765574923792496049,0,-0,1.62684
1765574923812563861,0,-0,1.80965
1765574923832645945,0,-0,1.80965
1765574923852719422,0,-0,1.80965
1765574923872783266,0,-0,1.95835
1765574923892846950,0,-0,1.95835
1765574923912944683,0,-0,2.09692
1765574923932966286,0,-0,2.09692
1765574923953089011,0,-0,2.09692
1765574923973119479,0,-0,2.20912
1765574923993178043,0,-0,2.20912
1765574924013314240,0,-0,2.29547
1765574924033452806,0,-0,2.29547
1765574924053446889,0,-0,2.29547
1765574924073599023,0,-0,2.36024
1765574924093662643,0,-0,2.36024
1765574924113671606,0,-0,2.41103
1765574924133791963,0,-0,2.41103
1765574924153944609,0,-0,2.41103
1765574924173951812,0,-0,2.45132
1765574924193992648,0,-0,2.45132
1765574924214087468,0,-0,2.4821
1765574924234231506,0,-0,2.4821
1765574924254207092,0,-0,2.4821
1765574924274283289,0,-0,2.50683
1765574924294320156,0,-0,2.50683
1765574924314390912,0,-0,2.52538
1765574924334519334,0,-0,2.52538
1765574924354632875,0,-0,2.52538
1765574924374627822,0,-0,2.54426
1765574924394702194,0,-0,2.54426
1765574924414761718,0,-0,2.56008
1765574924434839611,0,-0,2.56008
1765574924454960064,0,-0,2.56008
1765574924475016708,0,-0,2.57304
1765574924495102920,0,-0,2.57304
1765574924515172909,0,-0,2.58498
1765574924535253105,0,-0,2.58498
1765574924555330742,0,-0,2.58498
1765574924575363673,0,-0,2.59503
1765574924595461662,0,-0,2.59503
1765574924615590851,0,-0,2.60312
1765574924635676456,0,-0,2.60312
1765574924655658282,0,-0,2.60312
1765574924675975892,0,-0,2.61084
1765574924695898389,0,-0,2.61084
1765574924715869271,0,-0,2.61719
1765574924735970428,0,-0,2.61719
1765574924755986111,0,-0,2.61719
1765574924776217575,0,-0,2.6225
1765574924796384973,0,-0,2.6225
1765574924816278445,0,-0,2.62648
1765574924836308241,0,-0,2.62648
1765574924856391061,0,-0,2.62648
1765574924876542619,0,-0,2.62947
1765574924896547998,0,-0,2.62947
1765574924916581313,0,-0,2.63171
1765574924936739240,0,-0,2.63171
1765574924956747627,0,-0,2.63171
1765574924976811599,0,-0,2.63394
1765574924996921748,0,-0,2.63394
1765574925016994040,0,-0,2.63506
1765574925037115774,0,-0,2.63506
1765574925057190370,0,-0,2.63506
1765574925077200069,0,-0,2.63701
1765574925097288009,0,-0,2.63701
1765574925117350509,0,-0,2.63847
1765574925137445394,0,-0,2.63847
1765574925157625785,0,-0,2.63847
1765574925177579643,0,-0,2.63901
1765574925197785890,0,-0,2.63901
1765574925217797861,0,-0,2.64052
1765574925237887946,0,-0,2.64052
1765574925257895244,0,-0,2.64052
1765574925277959632,0,-0,2.64165
1765574925298072246,0,-0,2.64165
1765574925318198619,0,-0,2.6425
1765574925338196606,0,-0,2.6425
1765574925358372740,0,-0,2.6425
1765574925378356135,0,-0,2.64314
1765574925398419851,0,-0,2.64314
1765574925418488815,0,-0,2.64362
1765574925438553363,0,-0,2.64362
1765574925458617975,0,-0,2.64362
1765574925478703708,0,-0,2.64453
1765574925498786432,0,-0,2.64453
1765574925518872485,0,-0,2.64466
1765574925538945449,0,-0,2.64466
1765574925558977548,0,-0,2.64466
1765574925579071377,0,-0,2.64531
1765574925599154614,0,-0,2.64531
1765574925619284795,0,-0,2.6458
1765574925639381536,0,-0,2.6458
1765574925659386915,0,-0,2.6458
1765574925679433319,0,-0,2.58601
1765574925699489131,0,-0,2.58601
1765574925719631377,0,-0,2.00974
1765574925739643859,0,-0,2.00974
1765574925759803322,0,-0,1.50731
1765574925779891710,0,-0,1.50731
1765574925800074949,0,-0,1.50731
1765574925820011398,0,-0,1.13048
1765574925840096075,0,-0,1.13048
1765574925860223409,0,-0,0.84786
1765574925880318421,0,-0,0.84786
1765574925900334360,0,-0,0.84786
1765574925920371260,0,-0,0.635895
1765574925940383391,0,-0,0.635895
1765574925960539109,0,-0,0.476921
1765574925980552744,0,-0,0.476921
1765574926000641100,0,-0,0.476921
1765574926020748786,0,-0,0.357691
1765574926040776437,0,-0,0.357691
1765574926060853049,0.0934063,-0,0.268268
1765574926080899229,0.0934063,-0,0.268268
1765574926100997090,0.0934063,-0,0.268268
1765574926121085286,0.223442,-0,-0
1765574926141106409,0.223442,-0,-0
1765574926161223151,0.431384,-0,-0
1765574926181273235,0.431384,-0,-0
1765574926201365559,0.431384,-0,-0
1765574926221427291,0.653442,-0,-0
1765574926241483679,0.653442,-0,-0
1765574926261691559,0.85426,-0,-0
1765574926281982096,0.85426,-0,-0
1765574926301730829,0.85426,-0,-0
1765574926321910644,1.00536,-0,-0
1765574926341903414,1.00536,-0,-0
1765574926361979738,1.11992,-0,-0
1765574926382016222,1.11992,-0,-0
1765574926402171108,1.11992,-0,-0
1765574926422234632,1.20583,-0,-0
1765574926442263947,1.20583,-0,-0
1765574926462355184,1.26708,-0,-0
1765574926482438613,1.26708,-0,-0
1765574926502544698,1.26708,-0,-0
1765574926522632894,1.31302,-0,-0
1765574926542609216,1.31302,-0,-0
1765574926562725414,1.3438,-0,-0
1765574926582812874,1.3438,-0,-0
1765574926602863278,1.3438,-0,-0
1765574926622941235,1.36469,-0,-0
1765574926643048568,1.36469,-0,-0
1765574926663083803,1.3708,-0,-0
1765574926683242657,1.3708,-0,-0
1765574926703280261,1.3708,-0,-0
1765574926723323400,1.37441,-0,-0
1765574926743380492,1.37441,-0,-0
1765574926763475825,1.37271,-0,-0
1765574926783550582,1.37271,-0,-0
1765574926803629434,1.37271,-0,-0
1765574926823711423,1.35576,-0,-0
1765574926843836356,1.35576,-0,-0
1765574926863891304,1.3313,-0,-0
1765574926883926699,1.3313,-0,-0
1765574926903994608,1.3313,-0,-0
1765574926924249368,1.31247,-0,-0
1765574926944213786,1.31247,-0,-0
1765574926964244317,1.2839,-0,-0
1765574926984346050,1.2839,-0,-0
1765574927004434215,1.2839,-0,-0
1765574927024471242,1.20151,-0,-0
1765574927044537102,1.20151,-0,-0
1765574927064678324,1.11744,-0,-0
1765574927084689495,1.11744,-0,-0
1765574927104774460,1.11744,-0,-0
1765574927124855136,1.02721,-0,-0
1765574927144983910,1.02721,-0,-0
1765574927165042538,0.837128,-0,-0
1765574927185088941,0.837128,-0,-0
1765574927205257588,0.837128,-0,-0
1765574927225274743,0.627846,-0,-0
1765574927245328795,0.627846,-0,-0
1765574927265456800,0.470884,-0,-0
1765574927285468643,0.470884,-0,-0
1765574927305514887,0.470884,-0,-0
1765574927325633452,0.353163,-0,-0
1765574927345657007,0.353163,-0,-0
1765574927365753300,0.264872,-0,-0
1765574927385792920,0.264872,-0,-0
1765574927405925694,0.264872,-0,-0
1765574927426258888,0.198654,-0,-0
1765574927445961508,0.198654,-0,-0
1765574927466119210,0.148991,-0,-0.476575
1765574927486289553,0.148991,-0,-0.476575
1765574927506355157,0.148991,-0,-0.476575
1765574927526373400,0,-0,-1.01904
1765574927546385178,0,-0,-1.01904
1765574927566458047,0,-0,-1.51428
1765574927586622597,0,-0,-1.51428
1765574927606625256,0,-0,-1.51428
1765574927626677420,0,-0,-1.88571
1765574927646734128,0,-0,-1.88571
1765574927666876053,0,-0,-2.16428
1765574927686946266,0,-0,-2.16428
1765574927707017246,0,-0,-2.16428
1765574927727167172,0,-0,-2.37321
1765574927747174279,0,-0,-2.37321
1765574927767256267,0,-0,-2.52991
1765574927787310863,0,-0,-2.52991
1765574927807385716,0,-0,-2.52991
1765574927827432983,0,-0,-2.64743
1765574927847517756,0,-0,-2.64743
1765574927867618753,0,-0,-2.73557
1765574927887763719,0,-0,-2.73557
1765574927907905933,0,-0,-2.73557
1765574927927832654,0,-0,-2.80168
1765574927947883569,0,-0,-2.80168
1765574927967899092,0,-0,-2.85126
1765574927988115036,0,-0,-2.85126
1765574928008263970,0,-0,-2.85126
1765574928028817490,0,-0,-2.80469
1765574928048651505,0,-0,-2.80469
1765574928068565489,0,-0,-2.76838
1765574928088626197,0,-0,-2.76838
1765574928108810140,0,-0,-2.76838
1765574928128660219,0,-0,-2.4564
1765574928148694462,0,-0,-2.4564
1765574928168749698,0,-0,-1.8423
1765574928188804486,0,-0,-1.8423
1765574928208902379,0,-0,-1.8423
1765574928228943278,0,-0,-1.38172
1765574928249053492,0,-0,-1.38172
1765574928269135768,0,-0,-1.03629
1765574928289163547,0,-0,-1.03629
1765574928309422500,0,-0,-1.03629
1765574928329474280,0,-0,-0.77722
1765574928349488907,0,-0,-0.77722
1765574928369550063,0,-0,-0.582915
1765574928389617203,0,-0,-0.582915
1765574928409701688,0.0699034,-0,-0.437186
1765574928429780060,0.0699034,-0,-0.437186
1765574928449845120,0.0699034,-0,-0.437186
1765574928469939397,0.291503,-0,-0.32789
1765574928489966664,0.291503,-0,-0.32789
1765574928510127887,0.511808,-0,-0.245917
1765574928530119089,0.511808,-0,-0.245917
1765574928550279927,0.511808,-0,-0.245917
1765574928570333755,0.739955,-0,-0
1765574928590342686,0.739955,-0,-0
1765574928610380737,0.916452,-0,-0
1765574928630421541,0.916452,-0,-0
1765574928650618284,0.916452,-0,-0
1765574928670653424,1.04883,-0,-0
1765574928690706803,1.04883,-0,-0
1765574928710793304,1.14786,-0,-0
1765574928730892637,1.14786,-0,-0
1765574928750950849,1.14786,-0,-0
1765574928770985252,1.22263,-0,-0
1765574928791068841,1.22263,-0,-0
1765574928811204975,1.27846,-0,-0
1765574928831203889,1.27846,-0,-0
1765574928851329623,1.27846,-0,-0
1765574928871340025,1.31714,-0,-0
1765574928891415966,1.31714,-0,-0
1765574928911488994,1.34543,-0,-0
1765574928931555110,1.34543,-0,-0
1765574928951904625,1.34543,-0,-0
1765574928971749232,1.36468,-0,-0
1765574928991913495,1.36468,-0,-0
1765574929012067293,1.37741,-0,-0
1765574929031928092,1.37741,-0,-0
1765574929052040961,1.37741,-0,-0
1765574929072147110,1.37838,-0,-0
1765574929092188618,1.37838,-0,-0
1765574929112415858,1.37789,-0,-0
1765574929132347411,1.37789,-0,-0
1765574929152408823,1.37789,-0,-0
1765574929172497883,1.35818,-0,-0
1765574929192657442,1.35818,-0,-0
1765574929212647716,1.34266,-0,-0
1765574929232764490,1.34266,-0,-0
1765574929252800205,1.34266,-0,-0
1765574929272911346,1.33127,-0,-0
1765574929292963286,1.33127,-0,-0
1765574929313038586,1.32273,-0,-0
1765574929333192481,1.32273,-0,-0
1765574929353270757,1.32273,-0,-0
1765574929373229030,1.31656,-0,-0
1765574929393414221,1.31656,-0,-0
1765574929413418288,1.31169,-0,-0
1765574929433540246,1.31169,-0,-0
1765574929453596441,1.31169,-0,-0
1765574929473796865,1.30609,-0,-0
1765574929494001480,1.30609,-0,-0
1765574929514030764,1.29943,-0,-0
1765574929533962476,1.29943,-0,-0
1765574929553965711,1.29943,-0,-0
1765574929574083796,1.09124,-0,-0
1765574929594159129,1.09124,-0,-0
1765574929614237373,0.830553,-0,-0
1765574929634334754,0.830553,-0,-0
1765574929654393798,0.830553,-0,-0
1765574929674592205,0.622915,-0,-0
1765574929694556527,0.622915,-0,-0
1765574929714617619,0.467186,-0,-0
1765574929734675447,0.467186,-0,-0
1765574929754770748,0.467186,-0,-0
1765574929774923138,0.35039,-0,-0
1765574929794915844,0.35039,-0,-0
1765574929814989385,0.262792,-0,-0
1765574929835057645,0.262792,-0,-0
1765574929855099121,0.262792,-0,-0
1765574929875270071,0.197094,-0,-0
1765574929895390557,0.197094,-0,-0
1765574929915360094,0.147821,-0,-0
1765574929935445059,0.147821,-0,-0
1765574929955480934,0.147821,-0,-0
1765574929975616492,0,-0,-0
1765574929995672208,0,-0,-0
1765574930015764725,0,-0,-0
1765574930035951004,0,-0,-0
1765574930055874013,0,-0,-0
1765574930075952257,0,-0,-0
1765574930096385006,0,-0,-0
1765574930116132170,0,-0,-0
1765574930136215023,0,-0,-0
1765574930156371701,0,-0,-0
1765574930176376504,0,-0,-0.0819273
1765574930196447452,0,-0,-0.0819273
1765574930216532129,0,-0,-0.526427
1765574930236577252,0,-0,-0.526427
1765574930256608232,0,-0,-0.526427
1765574930276676556,0,-0,-1.02304
1765574930296795601,0,-0,-1.02304
1765574930316863829,0,-0,-1.40385
1765574930336922265,0,-0,-1.40385
1765574930356987262,0,-0,-1.40385
1765574930377042721,0,-0,-1.68528
1765574930397115526,0,-0,-1.68528
1765574930417170922,0,-0,-1.89543
1765574930437292559,0,-0,-1.89543
1765574930457356947,0,-0,-1.89543
1765574930477432695,0,-0,-2.05025
1765574930497483739,0,-0,-2.05025
1765574930517556064,0,-0,-2.16637
1765574930537974156,0,-0,-2.16637
1765574930557729065,0,-0,-2.16637
1765574930577819534,0,-0,-2.25346
1765574930597907538,0,-0,-2.25346
1765574930617908085,0,-0,-2.33733
1765574930638049819,0,-0,-2.33733
1765574930658201441,0,-0,-2.33733
1765574930678181379,0,-0,-2.40487
1765574930698406571,0,-0,-2.40487
1765574930718490255,0,-0,-2.45506
1765574930738431633,0,-0,-2.45506
1765574930758464020,0,-0,-2.45506
1765574930778634555,0,-0,-2.4825
1765574930798624061,0,-0,-2.4825
1765574930818757315,0,-0,-2.43259
1765574930838785958,0,-0,-2.43259
1765574930858860298,0,-0,-2.43259
1765574930878948271,0,-0,-2.37336
1765574930899015315,0,-0,-2.37336
1765574930919081975,0,-0,-2.31642
1765574930939127867,0,-0,-2.31642
1765574930959300705,0,-0,-2.31642
1765574930979285156,0,-0,-1.73732
1765574930999415433,0,-0,-1.73732
1765574931019426572,0,-0,-1.30299
1765574931039580114,0,-0,-1.30299
1765574931059624566,0,-0,-0.97724
1765574931079693242,0,-0,-0.97724
1765574931099743806,0,-0,-0.97724
1765574931119878116,0,-0,-0.73293
1765574931139870822,0,-0,-0.73293
1765574931160085006,0.0270596,-0,-0.549698
1765574931180072624,0.0270596,-0,-0.549698
1765574931200160181,0.0270596,-0,-0.549698
1765574931220293978,0.122025,-0,-0.412273
1765574931240367007,0.122025,-0,-0.412273
1765574931260395554,0.307336,-0,-0.309205
1765574931280448870,0.307336,-0,-0.309205
1765574931300540939,0.307336,-0,-0.309205
1765574931320576270,0.541554,-0,-0.231904
1765574931340617233,0.541554,-0,-0.231904
1765574931360726071,0.766917,-0,-0
1765574931380838268,0.766917,-0,-0
1765574931400957921,0.766917,-0,-0
1765574931420934627,0.940591,-0,-0
1765574931441010088,0.940591,-0,-0
1765574931461115437,1.07623,-0,-0
1765574931481323476,1.07623,-0,-0
1765574931501265685,1.07623,-0,-0
1765574931521319993,1.17894,-0,-0
1765574931541435295,1.17894,-0,-0
1765574931561474146,1.25598,-0,-0
1765574931581522982,1.25598,-0,-0
1765574931601692428,1.25598,-0,-0
1765574931621686895,1.31399,-0,-0
1765574931641985625,1.31399,-0,-0
1765574931661841368,1.35751,-0,-0
1765574931682018110,1.35751,-0,-0
1765574931702078626,1.35751,-0,-0
1765574931722087141,1.39014,-0,-0
1765574931742128265,1.39014,-0,-0
1765574931762369873,1.41511,-0,-0
1765574931782363187,1.41511,-0,-0
1765574931802365974,1.41511,-0,-0
1765574931822472603,1.4331,-0,-0
1765574931842552128,1.4331,-0,-0
1765574931862627844,1.44537,-0,-0
1765574931882661863,1.44537,-0,-0
1765574931902773677,1.44537,-0,-0
1765574931922795408,1.45482,-0,-0
1765574931942883476,1.45482,-0,-0
1765574931962983513,1.4619,-0,-0
1765574931983107967,1.4619,-0,-0
1765574932003203844,1.4619,-0,-0
1765574932023164549,1.46673,-0,-0
1765574932043279722,1.46673,-0,-0
1765574932063314382,1.4701,-0,-0
1765574932083425043,1.4701,-0,-0
1765574932103502135,1.4701,-0,-0
1765574932123650270,1.47092,-0,-0
1765574932143714722,1.47092,-0,-0
1765574932164004811,1.47055,-0,-0
1765574932184057423,1.47055,-0,-0
1765574932203893518,1.47055,-0,-0
1765574932224256825,1.46929,-0,-0
1765574932244020886,1.46929,-0,-0
1765574932264124219,1.46713,-0,-0
1765574932284207327,1.46713,-0,-0
1765574932304341509,1.46713,-0,-0
1765574932324390569,1.46575,-0,-0
1765574932344383627,1.46575,-0,-0
1765574932364485520,1.46104,-0,-0
1765574932384551156,1.46104,-0,-0
1765574932404728187,1.46104,-0,-0
1765574932424820736,1.45702,-0,-0
1765574932444827715,1.45702,-0,-0
1765574932464900359,1.45156,-0,-0
1765574932485016364,1.45156,-0,-0
1765574932505077424,1.45156,-0,-0
1765574932525099379,1.44722,-0,-0
1765574932545206648,1.44722,-0,-0
1765574932565325598,1.42976,-0,-0
1765574932585376578,1.42976,-0,-0
1765574932605426149,1.42976,-0,-0
1765574932625576940,1.38778,-0,-0
1765574932645595246,1.38778,-0,-0
1765574932665622386,1.04084,-0,-0
1765574932685712470,1.04084,-0,-0
1765574932705805403,1.04084,-0,-0
1765574932725915840,0.780627,-0,-0
1765574932746161289,0.780627,-0,-0
1765574932766089642,0.58547,-0,-0
1765574932786221935,0.58547,-0,-0
1765574932806244402,0.58547,-0,-0
1765574932826389272,0.439103,-0,-0
1765574932846405819,0.439103,-0,-0
1765574932866467007,0.329327,-0,-0
1765574932886466178,0.329327,-0,-0
1765574932906552391,0.329327,-0,-0
1765574932926641291,0.246995,-0,-0
1765574932946718896,0.246995,-0,-0
1765574932966781652,0.185246,-0,-0
1765574932986866232,0.185246,-0,-0
1765574933006939517,0.185246,-0,-0
1765574933027079139,0.138935,-0,-0
1765574933047173735,0.138935,-0,-0
1765574933067283853,0,-0,-0.221515
1765574933087215917,0,-0,-0.221515
1765574933107315730,0,-0,-0.221515
1765574933127370998,0,-0,-0.490603
1765574933147434682,0,-0,-0.490603
1765574933167511007,0,-0,-0.924755
1765574933187596131,0,-0,-0.924755
1765574933207678056,0,-0,-0.924755
1765574933227812750,0,-0,-1.3088
1765574933247914771,0,-0,-1.3088
1765574933268137146,0,-0,-1.67706
1765574933288021754,0,-0,-1.67706
1765574933308103807,0,-0,-1.67706
1765574933328169443,0,-0,-1.95326
1765574933348299849,0,-0,-1.95326
1765574933368440046,0,-0,-2.15995
1765574933388714616,0,-0,-2.15995
1765574933408897247,0,-0,-2.15995
1765574933428723197,0,-0,-2.31357
1765574933448688991,0,-0,-2.31357
1765574933468787684,0,-0,-2.38705
1765574933488819207,0,-0,-2.38705
1765574933508900715,0,-0,-2.38705
1765574933528938447,0,-0,-2.42593
1765574933549050740,0,-0,-2.42593
1765574933569199642,0,-0,-2.45508
1765574933589140635,0,-0,-2.45508
1765574933609317698,0,-0,-2.45508
1765574933629354310,0,-0,-2.22468
1765574933649416010,0,-0,-2.22468
1765574933669460077,0,-0,-1.81675
1765574933689598899,0,-0,-1.81675
1765574933709631958,0,-0,-1.51173
1765574933729680762,0,-0,-1.51173
1765574933749853601,0,-0,-1.51173
1765574933769902181,0,-0,-1.19857
1765574933789910023,0,-0,-1.19857
1765574933810200113,0,-0,-0.898926
1765574933830046640,0,-0,-0.898926
1765574933850159189,0,-0,-0.898926
1765574933870194520,0,-0,-0.674195
1765574933890318238,0,-0,-0.674195
1765574933910481252,0,-0,-0.505646
1765574933930567849,0,-0,-0.505646
1765574933950481481,0,-0,-0.505646
1765574933970583470,0,-0,-0.379234
1765574933990592337,0,-0,-0.379234
1765574934010809881,0,-0,-0.284426
1765574934030844220,0,-0,-0.284426
1765574934050891872,0,-0,-0.284426
1765574934070995685,0,-0,-0
1765574934091014728,0,-0,-0
1765574934111105901,0,-0,-0.3138
1765574934131197521,0,-0,-0.3138
1765574934151219317,0,-0,-0.3138
1765574934171369851,0,-0,-0.582077
1765574934191370333,0,-0,-0.582077
1765574934211465026,0,-0,-0.436557
1765574934231609672,0,-0,-0.436557
1765574934251625451,0,-0,-0.436557
1765574934271972502,0,-0,-0.327418
1765574934291790644,0,-0,-0.327418
1765574934312054589,0,-0,-0.245564
1765574934332188771,0,-0,-0.245564
1765574934352008225,0,-0,-0.245564
1765574934372140615,0,-0,-0
1765574934392174634,0,-0,-0
1765574934412214350,0,-0,-0
1765574934432455160,0,-0,-0
1765574934452435603,0,-0,-0
1765574934472461008,0.325497,-0,-0
1765574934492541261,0.325497,-0,-0
1765574934512613354,0.619123,-0,-0
1765574934532696968,0.619123,-0,-0
1765574934552770917,0.619123,-0,-0
1765574934572841859,0.839342,-0,-0
1765574934592883967,0.839342,-0,-0
1765574934612939452,1.00451,-0,-0.00865536
1765574934633040698,1.00451,-0,-0.00865536
1765574934653104215,1.00451,-0,-0.00865536
1765574934673201397,1.12838,-0,-0.324466
1765574934693274354,1.12838,-0,-0.324466
1765574934713399473,1.2205,-0,-0.62532
1765574934733423725,1.2205,-0,-0.62532
1765574934753468234,1.2205,-0,-0.62532
1765574934773543271,1.2891,-0,-0.870439
1765574934793708327,1.2891,-0,-0.870439
1765574934813811589,1.34055,-0,-0.652829
1765574934833738303,1.34055,-0,-0.652829
1765574934853851005,1.34055,-0,-0.652829
1765574934874125215,1.3789,-0,-0.489622
1765574934894081529,1.3789,-0,-0.489622
1765574934914086805,1.40741,-0,-0.367216
1765574934934197171,1.40741,-0,-0.367216
1765574934954390163,1.40741,-0,-0.367216
1765574934974378575,1.42733,-0,-0.509448
1765574934994424844,1.42733,-0,-0.509448
1765574935014432423,1.44251,-0,-0.725566
1765574935034543846,1.44251,-0,-0.725566
1765574935054576162,1.44251,-0,-0.725566
1765574935074687680,1.45365,-0,-0.633986
1765574935094754397,1.45365,-0,-0.633986
1765574935114810362,1.46225,-0,-0.475489
1765574935134862199,1.46225,-0,-0.475489
1765574935154978454,1.46225,-0,-0.475489
1765574935175063347,1.46895,-0,-0.356617
1765574935195150353,1.46895,-0,-0.356617
1765574935215219662,1.47348,-0,-0.267463
1765574935235335756,1.47348,-0,-0.267463
1765574935255341640,1.47348,-0,-0.267463
1765574935275427910,1.47614,-0,-0
1765574935295567557,1.47614,-0,-0
1765574935315588673,1.47814,-0,-0
1765574935335665726,1.47814,-0,-0
1765574935355734331,1.47814,-0,-0
1765574935375835865,1.47964,-0,-0
1765574935395874230,1.47964,-0,-0
1765574935415941843,1.48076,-0,-0
1765574935436021649,1.48076,-0,-0
1765574935456055949,1.48076,-0,-0
1765574935476135467,1.48136,-0,-0
1765574935496234216,1.48136,-0,-0
1765574935516308646,1.47691,-0,-0
1765574935536521830,1.47691,-0,-0
1765574935556616004,1.47691,-0,-0
1765574935576529118,1.43857,-0,-0
1765574935596580795,1.43857,-0,-0
1765574935616680505,1.39047,-0,-0
1765574935636869912,1.39047,-0,-0
1765574935656856116,1.39047,-0,-0
1765574935676920241,1.24986,-0,-0
1765574935696951597,1.24986,-0,-0
1765574935717038859,1.0991,-0,-0
1765574935737151593,1.0991,-0,-0
1765574935757157637,1.0991,-0,-0
1765574935777227938,0.824327,-0,-0
1765574935797345473,0.824327,-0,-0
1765574935817525056,0.618245,-0,-0
1765574935837551005,0.618245,-0,-0
1765574935857616218,0.618245,-0,-0
1765574935877793369,0.463684,-0,-0
1765574935897706707,0.463684,-0,-0
1765574935917803537,0.347763,-0,-0
1765574935937920047,0.347763,-0,-0
1765574935958033358,0.347763,-0,-0
1765574935978117771,0.260822,-0,-0
1765574935998100775,0.260822,-0,-0
1765574936018122531,0.195617,-0,-0
1765574936038183200,0.195617,-0,-0
1765574936058250781,0.195617,-0,-0
1765574936078378268,0.146713,-0,-0.0030904
1765574936098466169,0.146713,-0,-0.0030904
1765574936118650265,0,-0,-0.148706
1765574936138592147,0,-0,-0.148706
1765574936158644560,0,-0,-0.148706
1765574936178884849,0,-0,-0.699404
1765574936198883885,0,-0,-0.699404
1765574936218870376,0,-0,-1.15324
1765574936238975142,0,-0,-1.15324
1765574936259037028,0,-0,-1.15324
1765574936279153922,0,-0,-1.56596
1765574936299178622,0,-0,-1.56596
1765574936319233947,0,-0,-1.87596
1765574936339347897,0,-0,-1.87596
1765574936359469976,0,-0,-1.87596
1765574936379486036,0,-0,-2.108
1765574936399533776,0,-0,-2.108
1765574936419667791,0,-0,-2.28064
1765574936439719820,0,-0,-2.28064
1765574936459813098,0,-0,-2.28064
1765574936480111180,0,-0,-2.40594
1765574936499982917,0,-0,-2.40594
1765574936520028322,0,-0,-2.49992
1765574936540102751,0,-0,-2.49992
1765574936560186781,0,-0,-2.49992
1765574936580371676,0,-0,-2.56716
1765574936600271702,0,-0,-2.56716
1765574936620372148,0,-0,-2.61016
1765574936640482706,0,-0,-2.61016
1765574936660586384,0,-0,-2.6299
1765574936680640301,0,-0,-2.6299
1765574936700995025,0,-0,-2.6299
1765574936720800552,0,-0,-2.50511
1765574936740918470,0,-0,-2.50511
1765574936760928898,0,-0,-2.22881
1765574936780988319,0,-0,-2.22881
1765574936801031420,0,-0,-2.22881
1765574936821103417,0,-0,-1.67161
1765574936841192279,0,-0,-1.67161
1765574936861344918,0.173953,-0,-1.2537
1765574936881345202,0.173953,-0,-1.2537
1765574936901465968,0.173953,-0,-1.2537
1765574936921547918,0.429031,-0,-0.940278
1765574936941607947,0.429031,-0,-0.940278
1765574936961644359,0.66857,-0,-0.705209
1765574936981705476,0.66857,-0,-0.705209
1765574937001819426,0.66857,-0,-0.705209
1765574937021934433,0.858996,-0,-0.528906
1765574937042115296,0.858996,-0,-0.528906
1765574937062030202,1.00304,-0,-0.39668
1765574937082115704,1.00304,-0,-0.39668
1765574937102156148,1.00304,-0,-0.39668
1765574937122321716,1.11156,-0,-0.29751
1765574937142446802,1.11156,-0,-0.29751
1765574937162441134,1.19271,-0,-0
1765574937182495947,1.19271,-0,-0
1765574937202578728,1.19271,-0,-0
1765574937222556708,1.25381,-0,-0
1765574937242746627,1.25381,-0,-0
1765574937262862722,1.29964,-0,-0
1765574937282821405,1.29964,-0,-0
1765574937302941275,1.29964,-0,-0
1765574937323007576,1.33426,-0,-0
1765574937343085366,1.33426,-0,-0
1765574937363162579,1.35998,-0,-0
1765574937383240912,1.35998,-0,-0
1765574937403355247,1.35998,-0,-0
1765574937423399915,1.37927,-0,-0
1765574937443473449,1.37927,-0,-0
1765574937463508069,1.39373,-0,-0
1765574937483579554,1.39373,-0,-0
1765574937503650912,1.39373,-0,-0
1765574937523715005,1.40458,-0,-0
1765574937543877564,1.40458,-0,-0
1765574937563871736,1.41174,-0,-0
1765574937584114585,1.41174,-0,-0
1765574937603977618,1.41174,-0,-0
1765574937624089328,1.41662,-0,-0
1765574937644181613,1.41662,-0,-0
1765574937664293516,1.41954,-0,-0
1765574937684324040,1.41954,-0,-0
1765574937704519784,1.41954,-0,-0
1765574937724494691,1.42223,-0,-0
1765574937744573313,1.42223,-0,-0
1765574937764565276,1.42399,-0,-0
1765574937784704283,1.42399,-0,-0
1765574937804712567,1.42399,-0,-0
1765574937824844470,1.42507,-0,-0
1765574937844893906,1.42507,-0,-0
1765574937864924591,1.42539,-0,-0
1765574937885007276,1.42539,-0,-0
1765574937905129323,1.42539,-0,-0
1765574937925144391,1.42466,-0,-0
1765574937945269669,1.42466,-0,-0
1765574937965339618,1.42263,-0,-0
1765574937985374367,1.42263,-0,-0
1765574938005552927,1.42263,-0,-0
1765574938025551546,1.41646,-0,-0
1765574938045608279,1.41646,-0,-0
1765574938065697365,1.40939,-0,-0
1765574938085851956,1.40939,-0,-0
1765574938105985587,1.40939,-0,-0
1765574938126120465,1.40384,-0,-0
1765574938146003499,1.40384,-0,-0
1765574938166012518,1.39796,-0,-0
1765574938186079012,1.39796,-0,-0
1765574938206172449,1.39796,-0,-0
1765574938226250591,1.39209,-0,-0
1765574938246301340,1.39209,-0,-0
1765574938266339128,1.37715,-0,-0
1765574938286577369,1.37715,-0,-0
1765574938306561877,1.37715,-0,-0
1765574938326658130,1.27512,-0,-0
1765574938346646798,1.27512,-0,-0
1765574938366832686,1.00568,-0,-0
1765574938386830313,1.00568,-0,-0
1765574938406916103,1.00568,-0,-0
1765574938426969060,0.754259,-0,-0
1765574938447052705,0.754259,-0,-0
1765574938467115551,0.565694,-0,-0
1765574938487184732,0.565694,-0,-0
1765574938507270937,0.565694,-0,-0
1765574938527347895,0.424271,-0,-0
1765574938547430580,0.424271,-0,-0
1765574938567504114,0.318203,-0,-0
1765574938587555887,0.318203,-0,-0
1765574938607678605,0.318203,-0,-0
1765574938627741962,0.238652,-0,-0
1765574938647788839,0.238652,-0,-0
1765574938667856164,0.178989,-0,-0
1765574938687905089,0.178989,-0,-0
1765574938708035263,0.178989,-0,-0
1765574938728060572,0.134242,-0,-0
1765574938748360094,0.134242,-0,-0
1765574938768272440,0,-0,-0
1765574938788305332,0,-0,-0
1765574938808808667,0,-0,-0
1765574938828928090,0,-0,-0
1765574938848783890,0,-0,-0
1765574938868833295,0,-0,-0.0782173
1765574938888790666,0,-0,-0.0782173
1765574938908941385,0,-0,-0.0782173
1765574938928872675,0,-0,-0.26812
1765574938948995297,0,-0,-0.26812
1765574938969101759,0,-0,-0.663289
1765574938989130716,0,-0,-0.663289
1765574939009304987,0,-0,-0.663289
1765574939029306295,0,-0,-1.01207
1765574939049344788,0,-0,-1.01207
1765574939069422737,0,-0,-1.31817
1765574939089498254,0,-0,-1.31817
1765574939109573260,0,-0,-1.54775
1765574939129654409,0,-0,-1.54775
1765574939149694086,0,-0,-1.54775
1765574939169828164,0,-0,-1.71855
1765574939190012324,0,-0,-1.71855
1765574939209955519,0,-0,-1.84618
1765574939230156607,0,-0,-1.84618
1765574939250043608,0,-0,-1.84618
1765574939270145046,0,-0,-1.9419
1765574939290175186,0,-0,-1.9419
1765574939310368722,0,-0,-2.01369
1765574939330341742,0,-0,-2.01369
1765574939350396426,0,-0,-2.01369
1765574939370562506,0,-0,-2.068
1765574939390599270,0,-0,-2.068
1765574939410681508,0,-0,-2.10827
1765574939430760545,0,-0,-2.10827
1765574939450804350,0,-0,-2.10827
1765574939470866043,0,-0,-2.13847
1765574939490922776,0,-0,-2.13847
1765574939511016534,0,-0,-2.16112
1765574939531068627,0,-0,-2.16112
1765574939551144176,0,-0,-2.16112
1765574939571205869,0,-0,-2.1781
1765574939591304043,0,-0,-2.1781
1765574939611392265,0,-0,-2.19085
1765574939631467238,0,-0,-2.19085
1765574939651555172,0,-0,-2.19085
1765574939671613537,0,-0,-2.2004
1765574939691678910,0,-0,-2.2004
1765574939711727195,0,-0,-2.20757
1765574939731887258,0,-0,-2.20757
1765574939752056313,0,-0,-2.20757
1765574939771980595,0,-0,-2.21155
1765574939792192660,0,-0,-2.21155
1765574939812103310,0,-0,-2.12596
1765574939832245228,0,-0,-2.12596
1765574939852293545,0,-0,-2.12596
1765574939872361030,0,-0,-1.59447
1765574939892567943,0,-0,-1.59447
1765574939912571555,0,-0,-1.19585
1765574939932633184,0,-0,-1.19585
1765574939952818463,0,-0,-1.19585
1765574939972706969,0.113237,-0,-0.896891
1765574939992782838,0.113237,-0,-0.896891
1765574940012836243,0.324003,-0,-0.672668
1765574940032929681,0.324003,-0,-0.672668
1765574940052957549,0.324003,-0,-0.672668
1765574940073209774,0.565072,-0,-0.504501
1765574940093166537,0.565072,-0,-0.504501
1765574940113257767,0.7777,-0,-0.378376
1765574940133363237,0.7777,-0,-0.378376
1765574940153442882,0.7777,-0,-0.378376
1765574940173435870,0.940599,-0,-0.283782
1765574940193553372,0.940599,-0,-0.283782
1765574940213677179,1.06375,-0,-0
1765574940233713719,1.06375,-0,-0
1765574940253812885,1.06375,-0,-0
1765574940273865106,1.15661,-0,-0
1765574940293942127,1.15661,-0,-0
1765574940313982508,1.226,-0,-0
1765574940334102314,1.226,-0,-0
1765574940354151911,1.226,-0,-0
1765574940374193476,1.27756,-0,-0
1765574940394268481,1.27756,-0,-0
1765574940414363871,1.31647,-0,-0
1765574940434714114,1.31647,-0,-0
1765574940454519514,1.31647,-0,-0
1765574940474658553,1.3459,-0,-0
1765574940494653940,1.3459,-0,-0
1765574940514771987,1.36773,-0,-0
1765574940534842512,1.36773,-0,-0
1765574940554933966,1.36773,-0,-0
1765574940574954538,1.38386,-0,-0
1765574940595065864,1.38386,-0,-0
1765574940615074916,1.39546,-0,-0
1765574940635173570,1.39546,-0,-0
1765574940655241151,1.39546,-0,-0
1765574940675318460,1.39192,-0,-0
1765574940695382841,1.39192,-0,-0
1765574940715432438,1.28547,-0,-0
1765574940735493651,1.28547,-0,-0
1765574940755587633,1.28547,-0,-0
1765574940775683599,1.13707,-0,-0
1765574940795744108,1.13707,-0,-0
1765574940815958829,0.924911,-0,-0
1765574940836026346,0.924911,-0,-0
1765574940856211178,0.924911,-0,-0
1765574940876063554,0.693683,-0,-0
1765574940896133279,0.693683,-0,-0
1765574940916234525,0.520263,-0,-0
1765574940936330267,0.520263,-0,-0
1765574940956358967,0.520263,-0,-0
1765574940976398324,0.390197,-0,-0
1765574940996564819,0.390197,-0,-0
1765574941016589680,0.292648,-0,-0
1765574941036689678,0.292648,-0,-0
1765574941056772811,0.292648,-0,-0
1765574941076806824,0.219486,-0,-0
1765574941096965607,0.219486,-0,-0
1765574941116960674,0.164614,-0,-0.38058
1765574941137007615,0.164614,-0,-0.38058
1765574941157176191,0.164614,-0,-0.38058
1765574941177270300,0.123461,-0,-0.91551
1765574941197278872,0.123461,-0,-0.91551
1765574941217388982,0,-0,-1.3923
1765574941237481364,0,-0,-1.3923
1765574941257500784,0,-0,-1.3923
1765574941277576494,0,-0,-1.74989
1765574941297636875,0,-0,-1.74989
1765574941317683847,0,-0,-2.01623
1765574941337728996,0,-0,-2.01623
1765574941357782113,0,-0,-2.01623
1765574941377938720,0,-0,-2.21274
1765574941398048190,0,-0,-2.21274
1765574941418209022,0,-0,-2.35965
1765574941438101495,0,-0,-2.35965
1765574941458226229,0,-0,-2.35965
1765574941478242706,0,-0,-2.3924
1765574941498412817,0,-0,-2.3924
1765574941518360172,0,-0,-2.36594
1765574941538436937,0,-0,-2.36594
1765574941558605480,0,-0,-2.36594
1765574941578679398,0,-0,-2.34656
1765574941598675265,0,-0,-2.34656
1765574941618716446,0,-0,-2.33203
1765574941638839164,0,-0,-2.33203
1765574941658918714,0,-0,-2.33203
1765574941678971703,0,-0,-2.31093
1765574941699007475,0,-0,-2.31093
1765574941719117361,0,-0,-1.80538
1765574941739232144,0,-0,-1.80538
1765574941759252204,0,-0,-1.80538
1765574941779310697,0,-0,-1.35404
1765574941799385222,0,-0,-1.35404
1765574941819442755,0,-0,-1.01553
1765574941839563266,0,-0,-1.01553
1765574941859693984,0,-0,-0.761646
1765574941879723517,0,-0,-0.761646
1765574941899738649,0,-0,-0.761646
1765574941919910360,0,-0,-0.571234
1765574941940205466,0,-0,-0.571234
1765574941960052659,0,-0,-0.571234
1765574941980051054,0,-0,-0.428426
1765574942000189261,0,-0,-0.428426
1765574942020259210,0,-0,-0.321319
1765574942040277190,0,-0,-0.321319
1765574942060342596,0,-0,-0.240989
1765574942080409345,0,-0,-0.240989
1765574942100477278,0,-0,-0.240989
1765574942120783265,0,-0,-0
1765574942140709691,0,-0,-0
1765574942160716598,0,-0,-0.697782
1765574942180775379,0,-0,-0.697782
1765574942200865457,0,-0,-0.697782
1765574942220980111,0,-0,-1.27334
1765574942241056941,0,-0,-1.27334
1765574942261068905,0,-0,-1.705
1765574942281168647,0,-0,-1.705
1765574942301297541,0,-0,-1.705
1765574942321345634,0,-0,-1.45343
1765574942341410815,0,-0,-1.45343
1765574942361517565,0,-0,-1.09007
1765574942381564506,0,-0,-1.09007
1765574942401752922,0,-0,-1.09007
1765574942421707349,0,-0,-0.817554
1765574942441808691,0,-0,-0.817554
1765574942461941073,0,-0,-0.613165
1765574942481999950,0,-0,-0.613165
1765574942502318033,0,-0,-0.613165
1765574942522170313,0,-0,-0.459874
1765574942542149413,0,-0,-0.459874
1765574942562227106,0,-0,-0.344905
1765574942582267359,0,-0,-0.344905
1765574942602358428,0,-0,-0.344905
1765574942622547324,0,-0,-0.258679
1765574942642543640,0,-0,-0.258679
1765574942662599381,0,-0,0.555991
1765574942682710419,0,-0,0.555991
1765574942702777296,0,-0,0.555991
1765574942722824173,0,-0,1.16699
1765574942742968524,0,-0,1.16699
1765574942762963528,0,-0,1.62524
1765574942783047397,0,-0,1.62524
1765574942803084546,0,-0,1.62524
1765574942823226465,0,-0,1.21893
1765574942843238620,0,-0,1.21893
1765574942863308410,0,-0,0.9142
1765574942883429240,0,-0,0.9142
1765574942903450356,0,-0,0.9142
1765574942923598035,0,-0,0.68565
1765574942943693457,0,-0,0.68565
1765574942963724366,0,-0,0.514238
1765574942983801387,0,-0,0.514238
1765574943003967402,0,-0,0.514238
1765574943024056808,0,-0,0.395762
1765574943044146214,0,-0,0.395762
1765574943064159266,0,-0,0.868685
1765574943084217567,0,-0,0.868685
1765574943104298108,0,-0,0.868685
1765574943124358553,0,-0,0.987187
1765574943144450455,0,-0,0.987187
1765574943164558485,0,-0,0.74039
1765574943184637459,0,-0,0.74039
1765574943204633998,0,-0,0.74039
1765574943224730380,0,-0,0.555293
1765574943244861163,0,-0,0.555293
1765574943264886567,0,-0,0.416469
1765574943284963364,0,-0,0.416469
1765574943305041474,0,-0,0.416469
1765574943325107263,0,-0,0.312352
1765574943345215325,0,-0,0.312352
1765574943365292122,0,-0,0.234264
1765574943385331031,0,-0,0.234264
1765574943405447317,0,-0,0.234264
1765574943425458481,0,-0,-0
1765574943445537583,0,-0,-0
1765574943465585963,0,-0,-0.379652
1765574943485686857,0,-0,-0.379652
1765574943505777831,0,-0,-0.379652
1765574943525842276,0,-0,-0.753895
1765574943546243785,0,-0,-0.753895
1765574943565994079,0,-0,-0.565421
1765574943586192927,0,-0,-0.565421
1765574943606294941,0,-0,-0.565421
1765574943626209655,0,-0,-0.424066
1765574943646278100,0,-0,-0.424066
1765574943666332465,0,-0,-0.318049
1765574943686692981,0,-0,-0.318049
1765574943706489324,0,-0,-0.318049
1765574943726673740,0,-0,-0.238537
1765574943746751273,0,-0,-0.238537
1765574943766708036,0,-0,-0.566902
1765574943786818146,0,-0,-0.566902
1765574943806835774,0,-0,-0.566902
1765574943827037150,0,-0,-0.918911
1765574943847048250,0,-0,-0.918911
1765574943867136152,0,-0,-0.689183
1765574943887167188,0,-0,-0.689183
1765574943907232082,0,-0,-0.689183
1765574943927308367,0,-0,-0.516887
1765574943947365196,0,-0,-0.516887
1765574943967442185,0.000129266,-0,-0.387665
1765574943987498246,0.000129266,-0,-0.387665
1765574944007628485,0.000129266,-0,-0.387665
1765574944027704162,0.0876275,-0,-0.290749
1765574944047847137,0.0876275,-0,-0.290749
1765574944067949311,0.224984,-0,-0
1765574944087892346,0.224984,-0,-0
1765574944108210108,0.224984,-0,-0
1765574944128041204,0.362031,-0,-0
1765574944148163347,0.362031,-0,-0
1765574944168172975,0.476079,-0,-0
1765574944188284685,0.476079,-0,-0
1765574944208388971,0.476079,-0,-0
1765574944228457960,0.561614,-0,-0
1765574944248804907,0.561614,-0,-0
1765574944269006156,0.626011,-0,-0
1765574944289062249,0.626011,-0,-0
1765574944309124806,0.626011,-0,-0
1765574944328910557,0.674063,-0,-0
1765574944348922841,0.674063,-0,-0
1765574944369041271,0.711082,-0,-0
1765574944389088852,0.711082,-0,-0
1765574944409174385,0.711082,-0,-0
1765574944429271183,0.743742,-0,-0
1765574944449312556,0.743742,-0,-0
1765574944469411146,0.768972,-0,-0
1765574944489533224,0.768972,-0,-0
1765574944509554052,0.768972,-0,-0
1765574944529588961,0.78765,-0,-0
1765574944549749056,0.78765,-0,-0
1765574944569800189,0.801658,-0,-0
1765574944589899483,0.801658,-0,-0
1765574944609918487,0.812164,-0,-0
1765574944629986004,0.812164,-0,-0
1765574944650069394,0.812164,-0,-0
1765574944670169808,0.81833,-0,-0
1765574944690344591,0.81833,-0,-0
1765574944710243753,0.817568,-0,-0
1765574944730306374,0.817568,-0,-0
1765574944750357027,0.817568,-0,-0
1765574944770480513,0.814304,-0,-0
1765574944790498589,0.814304,-0,-0
1765574944810705405,0.80549,-0,-0
1765574944830644376,0.80549,-0,-0
1765574944850698613,0.80549,-0,-0
1765574944870823507,0.794473,-0,-0
1765574944890916049,0.794473,-0,-0
1765574944910943693,0.783518,-0,-0
1765574944931149198,0.783518,-0,-0
1765574944951167882,0.783518,-0,-0
1765574944971240359,0.774077,-0,-0
1765574944991237315,0.774077,-0,-0
1765574945011303904,0.765527,-0,-0
1765574945031402238,0.765527,-0,-0
1765574945051521724,0.765527,-0,-0
1765574945071561465,0.734388,-0,-0
1765574945091632886,0.734388,-0,-0
1765574945111869431,0.704178,-0,-0
1765574945131971797,0.704178,-0,-0
1765574945151962512,0.704178,-0,-0
1765574945172084431,0.672708,-0,-0.155199
1765574945191983656,0.672708,-0,-0.155199
1765574945212097190,0.646167,-0,-0.489095
1765574945232162180,0.646167,-0,-0.489095
1765574945252236449,0.646167,-0,-0.489095
1765574945272345439,0.623813,-0,-0.842933
1765574945292390236,0.623813,-0,-0.842933
1765574945312456985,0.605334,-0,-0.858816
1765574945332534998,0.605334,-0,-0.858816
1765574945352742839,0.605334,-0,-0.858816
1765574945372685937,0.454,-0,-0.644112
1765574945392748046,0.454,-0,-0.644112
1765574945412841868,0.3405,-0,-0.483084
1765574945432893545,0.3405,-0,-0.483084
1765574945453024904,0.3405,-0,-0.483084
1765574945473108037,0.255375,-0,-0.362313
1765574945493165026,0.255375,-0,-0.362313
1765574945513258848,0.191531,-0,-0.271735
1765574945533279388,0.191531,-0,-0.271735
1765574945553341241,0.191531,-0,-0.271735
1765574945573434647,0.143649,-0,-0
1765574945593501972,0.143649,-0,-0
1765574945613558865,0,-0,-0
1765574945633626030,0,-0,-0
1765574945653702828,0,-0,-0
1765574945673768617,0,-0,-0
1765574945693905864,0,-0,-0
1765574945713988453,0,-0,-0
1765574945734201510,0,-0,-0
1765574945754108287,0,-0,-0
1765574945774123899,0,-0,-0
1765574945794268826,0,-0,-0
1765574945814337303,0,-0,-0
1765574945834349747,0,-0,-0
1765574945854591860,0,-0,-0
1765574945874678386,0,-0,-0
1765574945894630189,0,-0,-0
1765574945914783500,0,-0,-0
1765574945934788872,0,-0,-0
1765574945954779267,0,-0,-0
1765574945974940226,0,-0,-0
1765574945995045312,0,-0,-0
1765574946015046908,0,-0,-0
1765574946035113337,0,-0,-0
1765574946055187767,0,-0,-0
1765574946075273812,0,-0,-0
1765574946095322833,0,-0,-0
1765574946115556690,0,-0,-0
1765574946135507565,0,-0,-0
1765574946155656556,0,-0,-0
1765574946175637991,0,-0,-0
1765574946195753029,0,-0,-0
1765574946215796450,0,-0,-0
1765574946235861119,0,-0,-0
1765574946256097728,0,-0,-0
1765574946276360706,0,-0,-0
1765574946296188633,0,-0,-0
1765574946316184693,0,-0,-0
1765574946336299411,0,-0,-0
1765574946356385489,0,-0,-0
1765574946376446254,0,-0,-0
1765574946396496459,0,-0,-0
1765574946416571592,0,-0,-0
1765574946436651750,0,-0,-0
1765574946456771204,0,-0,-0
1765574946476717055,0,-0,-0
1765574946496856573,0,-0,-0
1765574946517046429,0,-0,-0
1765574946536976215,0,-0,-0
1765574946557036628,0,-0,-0
1765574946577087153,0,-0,-0
1765574946597165071,0,-0,-0
1765574946617268589,0,-0,-0
1765574946637424908,0,-0,-0
1765574946657434376,0,-0,-0
1765574946677466660,0,-0,-0
1765574946697533249,0,-0,-0
1765574946717610527,0,-0,-0
1765574946737676668,0,-0,-0
1765574946757754745,0,-0,-0
1765574946777969466,0,-0,-0
1765574946797911988,0,-0,-0
1765574946818033619,0,-0,-0
1765574946838099536,0,-0,-0
1765574946858137837,0,-0,-0
1765574946878236010,0,-0,-0
1765574946898321544,0,-0,-0
1765574946918372293,0,-0,-0
1765574946938498403,0,-0,-0
1765574946958702692,0,-0,-0
1765574946978591485,0,-0,-0
1765574946998792605,0,-0,-0
1765574947018772056,0,-0,-0
1765574947038762932,0,-0,-0
1765574947058931699,0,-0,-0
1765574947078970032,0,-0,-0
1765574947099040397,0,-0,-0
1765574947119110794,0,-0,-0
1765574947139178728,0,-0,-0
1765574947159232260,0,-0,-0
1765574947179307874,0,-0,-0
1765574947199451297,0,-0,-0
1765574947219545630,0,-0,-0
1765574947239574875,0,-0,-0
1765574947259628888,0,-0,-0
1765574947279727414,0,-0,-0
1765574947299829940,0,-0,-0
1765574947319854000,0,-0,-0
1765574947340022159,0,-0,-0
1765574947359976170,0,-0,-0
1765574947380134889,0,-0,-0
1765574947400152741,0,-0,-0
1765574947420225795,0,-0,-0
1765574947440340449,0,-0,-0
1765574947460426399,0,-0,-0
1765574947480440859,0,-0,-0
1765574947500565081,0,-0,-0
1765574947520873436,0,-0,-0
1765574947540777653,0,-0,-0
1765574947560751248,0,-0,-0
1765574947580814189,0,-0,-0
1765574947600918699,0,-0,-0
