0.000000000000000000e+00,7.538089999999999513e-01,-5.258800000000000106e-03,1.105700000000000086e-02,-6.569800000000000084e-01,-1.171789999999999984e-02,-2.343579999999999969e-02,2.130529999999999837e-03,-4.908110000000000250e-02,-2.729389999999999872e-01,9.490619999999999834e+00
2.000000000000000042e-02,7.538380000000000081e-01,-5.275639999999999843e-03,1.104059999999999937e-02,-6.569469999999999477e-01,4.261059999999999674e-03,-3.941479999999999984e-02,-1.704419999999999893e-02,-6.823469999999999536e-02,-3.483559999999999990e-01,9.466670000000000584e+00
4.000000000000000083e-02,7.537530000000000063e-01,-5.237709999999999588e-03,1.108540000000000046e-02,-6.570430000000000437e-01,8.522109999999999408e-03,-2.769689999999999999e-02,-2.982740000000000044e-02,-3.830719999999999958e-02,-2.286459999999999881e-01,9.520540000000000447e+00
5.999999999999999778e-02,7.536509999999999598e-01,-5.219940000000000170e-03,1.109030000000000085e-02,-6.571609999999999951e-01,-9.587379999999999514e-03,-9.587379999999999514e-03,-2.343579999999999969e-02,-6.823469999999999536e-02,-3.555389999999999939e-01,9.627079999999999416e+00
8.000000000000000167e-02,7.536800000000000166e-01,-5.192460000000000304e-03,1.110730000000000051e-02,-6.571270000000000167e-01,-4.261059999999999674e-03,4.261059999999999674e-03,5.326319999999999839e-03,8.738840000000000496e-02,-6.093239999999999768e-01,9.087189999999999657e+00
1.000000000000000056e-01,7.539860000000000451e-01,-5.772600000000000127e-03,9.962010000000000309e-03,-6.567899999999999849e-01,3.941479999999999984e-02,-7.776429999999999454e-02,5.858950000000000269e-02,2.746150000000000091e+00,-1.376670000000000116e-01,9.303869999999999862e+00
1.199999999999999956e-01,7.544319999999999915e-01,-5.823939999999999673e-03,1.079759999999999921e-02,-6.562630000000000408e-01,-1.352889999999999926e-01,1.661809999999999954e-01,7.669900000000000329e-02,2.749740000000000073e+00,-3.734950000000000214e-01,1.231700000000000017e+01
1.400000000000000133e-01,7.548329999999999762e-01,-5.508609999999999722e-03,1.167280000000000054e-02,-6.557899999999999840e-01,-1.960089999999999888e-01,1.352889999999999926e-01,5.858950000000000269e-02,3.128019999999999801e+00,1.168369999999999909e+00,8.499420000000000641e+00
1.600000000000000033e-01,7.552299999999999569e-01,-6.400140000000000343e-03,1.243020000000000062e-02,-6.553099999999999481e-01,-2.769690000000000207e-01,-3.408850000000000074e-02,6.285060000000000646e-02,3.739739999999999842e+00,7.445969999999999533e-01,1.162860000000000049e+01
1.799999999999999933e-01,7.558510000000000506e-01,-1.224169999999999946e-02,1.282649999999999936e-02,-6.545039999999999747e-01,-2.780340000000000034e-01,-5.177180000000000115e-01,6.924220000000000375e-02,3.549399999999999888e+00,-1.996760000000000090e+00,9.806649999999999423e+00
2.000000000000000111e-01,7.559120000000000283e-01,-1.798719999999999833e-02,9.545869999999999703e-03,-6.543569999999999665e-01,-2.332930000000000004e-01,-6.604640000000000510e-01,-4.261059999999999848e-02,3.506310000000000038e+00,-1.436520000000000019e-01,9.265560000000000684e+00
2.200000000000000011e-01,7.557059999999999889e-01,-2.286490000000000050e-02,5.095680000000000001e-03,-6.544919999999999627e-01,-3.099919999999999898e-01,-5.390239999999999476e-01,-8.522109999999999408e-03,2.832339999999999858e+00,1.154009999999999980e+00,8.729260000000000019e+00
2.399999999999999911e-01,7.560360000000000413e-01,-2.840919999999999904e-02,1.215659999999999918e-03,-6.539120000000000488e-01,-7.776429999999999454e-02,-4.506069999999999798e-01,7.030740000000000600e-02,4.362239999999999895e+00,-3.100490000000000190e-01,9.465479999999999450e+00
2.600000000000000089e-01,7.566070000000000295e-01,-2.977250000000000035e-02,-3.052650000000000068e-03,-6.531839999999999868e-01,2.269009999999999916e-01,-2.130529999999999924e-01,4.367580000000000073e-02,4.244919999999999582e+00,5.542580000000000284e-01,8.259999999999999787e+00
2.800000000000000266e-01,7.569679999999999742e-01,-2.818290000000000031e-02,-5.382780000000000203e-03,-6.528209999999999846e-01,3.834949999999999748e-01,6.072009999999999907e-02,0.000000000000000000e+00,3.420119999999999827e+00,4.716580000000000217e-01,8.917199999999999349e+00
2.999999999999999889e-01,7.568829999999999725e-01,-2.361900000000000110e-02,-6.650989999999999853e-03,-6.530899999999999483e-01,7.627289999999999903e-01,5.145229999999999526e-01,-1.278320000000000012e-01,3.384199999999999875e+00,-1.778890000000000082e+00,1.733400000000000052e+00
3.200000000000000067e-01,7.561449999999999561e-01,-1.440950000000000043e-02,-6.599139999999999867e-03,-6.542130000000000445e-01,4.846949999999999870e-01,7.392929999999999779e-01,-1.970739999999999992e-01,3.494339999999999780e+00,3.530250000000000110e+00,2.896980000000000111e+00
3.400000000000000244e-01,7.553220000000000489e-01,-1.703359999999999944e-02,-1.158629999999999903e-03,-6.551320000000000476e-01,2.226400000000000046e-01,-2.269009999999999916e-01,2.332930000000000004e-01,-4.381390000000000007e-01,4.270059999999999967e+00,6.678630000000000067e+00
3.599999999999999867e-01,7.568270000000000275e-01,-1.166810000000000069e-02,1.835150000000000019e-03,-6.535079999999999778e-01,-9.800430000000000252e-02,3.952129999999999810e-01,1.576589999999999936e-01,4.660309999999999953e+00,1.482489999999999952e+01,8.455120000000000857e+00
3.800000000000000044e-01,7.565950000000000175e-01,-1.372660000000000026e-02,4.543610000000000010e-03,-6.537239999999999718e-01,-2.300969999999999960e-01,-1.491369999999999918e-01,-1.033310000000000062e-01,-3.270480000000000054e+00,1.945289999999999964e+00,1.746330000000000027e+01
4.000000000000000222e-01,7.569219999999999837e-01,-1.610610000000000167e-02,4.366240000000000399e-03,-6.532919999999999838e-01,9.587379999999999514e-03,-1.970739999999999992e-01,6.924220000000000375e-02,2.531870000000000065e+00,-1.047460000000000058e+00,1.188719999999999999e+01
4.199999999999999845e-01,7.583849999999999758e-01,-1.369710000000000025e-02,1.856720000000000072e-03,-6.516610000000000458e-01,7.147919999999999829e-01,9.906959999999999378e-02,3.621900000000000119e-01,6.181829999999999714e+00,-4.655529999999999724e+00,1.252890000000000015e+01
4.400000000000000022e-01,7.605539999999999523e-01,-6.665779999999999622e-03,9.343959999999999896e-04,-6.492400000000000393e-01,6.455499999999999572e-01,5.890910000000000313e-01,3.579289999999999972e-01,3.833120000000000083e+00,-6.491880000000000095e+00,2.322379999999999889e+00
4.600000000000000200e-01,7.626709999999999878e-01,1.751869999999999990e-03,2.130389999999999910e-04,-6.467840000000000256e-01,6.977480000000000349e-01,4.900220000000000131e-01,2.620549999999999824e-01,2.864660000000000206e+00,-3.244139999999999802e-01,2.201470000000000038e+00
4.799999999999999822e-01,7.634520000000000195e-01,6.884379999999999840e-03,9.996679999999999976e-04,-6.458270000000000399e-01,-7.222490000000000299e-01,5.539370000000000127e-01,-2.237059999999999882e-01,-3.930079999999999796e+00,1.157240000000000002e+01,2.472250000000000014e+01
5.000000000000000000e-01,7.635969999999999702e-01,3.074139999999999946e-03,8.633530000000000371e-03,-6.456279999999999797e-01,-7.701860000000000372e-01,2.407499999999999918e-01,6.178530000000000133e-02,-4.085709999999999731e+00,3.141189999999999927e+00,9.545680000000000831e+00
5.200000000000000178e-01,7.635340000000000460e-01,-4.281169999999999941e-04,1.069950000000000068e-02,-6.456790000000000029e-01,-5.965480000000000088e-02,-3.185140000000000193e-01,-7.989480000000000193e-02,4.082109999999999905e-01,-6.459559999999999746e+00,1.427059999999999995e+01
5.400000000000000355e-01,7.630339999999999900e-01,-2.683109999999999835e-03,5.796270000000000068e-03,-6.463269999999999849e-01,-2.055960000000000010e-01,-6.018740000000000201e-01,-7.563380000000000103e-02,2.182310000000000194e+00,-2.178720000000000101e-01,1.011790000000000056e+01
5.600000000000000533e-01,7.630379999999999940e-01,-7.940700000000000189e-03,2.215819999999999856e-03,-6.463010000000000144e-01,-7.669900000000000329e-02,-7.009440000000000115e-01,-3.728429999999999939e-02,1.379059999999999953e+00,2.442090000000000094e-01,9.786300000000000665e+00
5.799999999999999600e-01,7.628350000000000408e-01,-1.123339999999999929e-02,-4.115999999999999867e-03,-6.464820000000000011e-01,4.367579999999999796e-01,-5.645900000000000363e-01,-1.267659999999999898e-01,2.555810000000000137e+00,-1.316810000000000029e-02,1.060510000000000019e+01
5.999999999999999778e-01,7.622790000000000399e-01,-9.829829999999999471e-03,-1.007650000000000039e-02,-6.470949999999999758e-01,6.540719999999999867e-01,-6.285060000000000646e-02,-1.225050000000000028e-01,2.674319999999999808e+00,-1.708259999999999890e+00,1.035730000000000040e+01
6.199999999999999956e-01,7.619259999999999922e-01,-4.300980000000000254e-03,-1.016659999999999960e-02,-6.475699999999999790e-01,3.494070000000000231e-01,1.035439999999999916e+00,-7.456849999999999590e-02,3.362659999999999982e+00,7.661449999999999649e-01,8.039730000000000487e+00
6.400000000000000133e-01,7.616260000000000252e-01,-5.895009999999999790e-04,-1.003039999999999965e-03,-6.480160000000000364e-01,-9.459549999999999903e-01,6.966830000000000522e-01,-9.054750000000000298e-02,-1.046270000000000033e+00,8.825029999999999930e+00,1.129110000000000014e+01
6.600000000000000311e-01,7.613499999999999712e-01,-1.710490000000000057e-03,9.860970000000000152e-03,-6.482639999999999514e-01,-7.765779999999999905e-01,5.070660000000000167e-01,-1.161139999999999950e-01,2.549819999999999864e-01,1.076189999999999980e+00,4.557360000000000078e+00
6.800000000000000488e-01,7.604419999999999513e-01,1.567130000000000020e-05,8.847189999999999568e-03,-6.493449999999999500e-01,1.353949999999999987e+00,1.022649999999999948e-01,4.846949999999999870e-01,-6.986279999999999824e+00,-1.723229999999999862e+01,1.844490000000000052e+01
7.000000000000000666e-01,7.615459999999999452e-01,1.974510000000000067e-03,3.403619999999999996e-03,-6.480989999999999807e-01,-3.696470000000000034e-01,-4.942829999999999724e-01,1.778990000000000016e-01,5.793970000000000509e-01,-4.920079999999999565e+00,3.515890000000000182e+00
7.199999999999999734e-01,7.620090000000000474e-01,-4.502070000000000377e-03,7.256150000000000273e-03,-6.475109999999999477e-01,-6.146580000000000377e-01,9.800430000000000252e-02,8.628639999999999921e-02,2.703050000000000175e+00,-7.499839999999999840e+00,1.421679999999999922e+01
7.399999999999999911e-01,7.625899999999999901e-01,-2.800579999999999996e-03,6.564740000000000332e-03,-6.468429999999999458e-01,5.411540000000000239e-01,3.728429999999999939e-02,9.267799999999999649e-02,3.037040000000000184e+00,-1.762129999999999974e+00,9.311049999999999827e+00
7.600000000000000089e-01,7.621409999999999574e-01,2.427069999999999922e-04,6.561939999999999613e-03,-6.473780000000000090e-01,-1.587240000000000040e-01,2.514020000000000143e-01,-1.054609999999999992e-01,3.403360000000000163e+00,7.613560000000000327e-01,4.691440000000000055e+00
7.800000000000000266e-01,7.620540000000000092e-01,2.194429999999999818e-03,7.531849999999999656e-03,-6.474659999999999860e-01,9.161270000000000246e-01,-3.749730000000000008e-01,-8.735170000000000434e-02,-3.162739999999999885e+00,-8.792709999999999582e+00,8.063670000000000115e+00
8.000000000000000444e-01,7.609669999999999490e-01,5.625540000000000488e-04,8.042699999999999849e-03,-6.487410000000000121e-01,-1.557420000000000027e+00,6.476809999999999512e-01,-4.079960000000000253e-01,-2.843109999999999804e+00,1.080620000000000047e+01,1.455199999999999960e+01
8.200000000000000622e-01,7.619869999999999699e-01,-1.976819999999999793e-03,1.493599999999999962e-02,-6.474170000000000202e-01,8.170579999999999510e-01,1.001350000000000018e-01,2.439459999999999962e-01,-3.537430000000000074e+00,-9.263170000000000570e+00,1.551800000000000068e+01
8.399999999999999689e-01,7.624389999999999779e-01,-2.385599999999999928e-04,1.327489999999999920e-02,-6.469240000000000546e-01,3.366239999999999788e-01,6.072009999999999907e-02,-5.326319999999999839e-03,1.484410000000000007e+00,-1.015139999999999931e+00,1.433649999999999913e+01
8.599999999999999867e-01,7.625920000000000476e-01,8.172369999999999548e-04,1.028440000000000083e-02,-6.467969999999999553e-01,2.524680000000000257e-01,-4.772379999999999955e-01,3.621900000000000119e-02,1.892619999999999969e+00,5.937620000000000120e-01,6.053740000000000343e+00
8.800000000000000044e-01,7.629979999999999540e-01,-2.370779999999999849e-03,4.704970000000000159e-03,-6.463799999999999546e-01,3.451460000000000083e-01,-5.805690000000000017e-01,-9.906959999999999378e-02,2.677909999999999791e+00,1.975219999999999976e+00,9.194929999999999382e+00
9.000000000000000222e-01,7.628759999999999986e-01,1.550729999999999947e-03,-3.439269999999999914e-03,-6.465340000000000531e-01,1.231449999999999934e+00,-1.800299999999999956e-01,-7.243800000000000239e-02,1.823180000000000023e+00,-4.005499999999999616e+00,6.647499999999999964e+00
9.200000000000000400e-01,7.622069999999999679e-01,3.929479999999999952e-03,-5.101579999999999657e-03,-6.473010000000000153e-01,-4.239749999999999908e-01,2.609899999999999998e-01,-9.906959999999999378e-02,-2.466029999999999944e+00,7.053320000000000256e+00,1.046749999999999936e+01
9.400000000000000577e-01,7.619569999999999954e-01,7.672370000000000405e-03,-4.080829999999999701e-03,-6.475689999999999502e-01,2.492719999999999936e-01,-1.288970000000000116e-01,-8.628639999999999921e-02,-3.769670000000000076e+00,7.362170000000000103e-01,8.848969999999999558e+00
9.599999999999999645e-01,7.622630000000000239e-01,-1.952099999999999962e-04,-3.810040000000000215e-03,-6.472569999999999713e-01,4.836300000000000043e-01,-5.123919999999999586e-01,6.231799999999999562e-01,-8.389279999999999404e+00,-2.238700000000000045e+01,1.177229999999999954e+01
9.799999999999999822e-01,7.636699999999999600e-01,5.419410000000000373e-03,-1.195640000000000071e-02,-6.454729999999999634e-01,2.886870000000000269e-01,-2.780340000000000034e-01,2.684469999999999912e-01,4.059370000000000367e+00,6.245280000000000165e+00,8.517369999999999663e+00
1.000000000000000000e+00,7.642729999999999801e-01,3.383559999999999866e-03,-1.181190000000000018e-02,-6.447749999999999870e-01,-8.096009999999999318e-02,5.858950000000000269e-02,7.243800000000000239e-02,4.454410000000000203e+00,-8.692149999999999821e+00,1.436519999999999975e+01
1.020000000000000018e+00,7.645739999999999759e-01,3.238920000000000167e-03,-1.237049999999999955e-02,-6.444090000000000096e-01,1.725730000000000042e-01,-1.587240000000000040e-01,5.326319999999999839e-03,1.871070000000000011e+00,-1.795650000000000024e-01,6.786360000000000170e+00
1.040000000000000036e+00,7.639970000000000372e-01,3.774459999999999881e-03,-1.217359999999999970e-02,-6.450939999999999452e-01,-4.154530000000000167e-01,3.888210000000000277e-01,-1.097220000000000001e-01,4.345480000000000231e+00,-3.416529999999999845e+00,7.933189999999999742e+00
1.060000000000000053e+00,7.638519999999999754e-01,2.188330000000000049e-03,-7.072570000000000245e-03,-6.453489999999999505e-01,4.910869999999999957e-01,-2.790989999999999860e-01,-9.906959999999999378e-02,-8.240840000000000387e+00,-1.002449999999999974e+01,5.991489999999999760e+00
1.080000000000000071e+00,7.625659999999999661e-01,-1.320100000000000049e-03,-2.625269999999999861e-03,-6.469030000000000058e-01,-1.917480000000000073e+00,9.193230000000000013e-01,-3.547330000000000205e-01,-8.911220000000000141e+00,2.848740000000000094e+01,2.054110000000000014e+01
1.100000000000000089e+00,7.632999999999999785e-01,-5.591839999999999831e-03,8.469330000000000608e-03,-6.459650000000000114e-01,4.111920000000000019e-01,-2.130529999999999837e-03,1.981390000000000096e-01,-6.251260000000000261e+00,-1.221039999999999903e+00,1.200689999999999991e+01
1.120000000000000107e+00,7.635300000000000420e-01,-5.248449999999999990e-03,8.498840000000000561e-03,-6.456950000000000189e-01,-1.214400000000000063e-01,8.628639999999999921e-02,-1.235710000000000003e-01,7.122749999999999915e-01,-6.200980000000000381e-01,1.035970000000000013e+01
1.140000000000000124e+00,7.634990000000000387e-01,-4.349650000000000044e-03,5.349780000000000160e-03,-6.457730000000000414e-01,2.790989999999999860e-01,-5.645900000000000363e-01,3.834950000000000164e-02,5.255269999999999664e-01,3.351879999999999860e-01,6.323089999999999655e+00
1.159999999999999920e+00,7.639810000000000212e-01,-7.544089999999999824e-03,1.928420000000000080e-04,-6.451949999999999630e-01,2.599250000000000171e-01,-5.880260000000000487e-01,-1.011999999999999983e-01,3.722980000000000178e-01,2.036270000000000024e+00,9.192539999999999267e+00
1.179999999999999938e+00,7.643480000000000274e-01,-2.343549999999999800e-03,-8.145589999999999428e-03,-6.447479999999999878e-01,1.481780000000000097e+00,4.580639999999999712e-02,6.498109999999999997e-02,1.993170000000000108e+00,-1.855509999999999993e+00,9.479839999999999378e+00
1.199999999999999956e+00,7.643630000000000146e-01,3.439199999999999896e-03,-8.550620000000000095e-03,-6.447199999999999598e-01,-5.518070000000000475e-01,5.145229999999999526e-01,7.456850000000000110e-03,-3.047820000000000196e+00,8.498219999999999885e+00,1.012989999999999924e+01
1.219999999999999973e+00,7.640980000000000549e-01,1.967309999999999892e-03,-4.228720000000000048e-03,-6.450829999999999620e-01,-3.909520000000000217e-01,5.113270000000000315e-02,-2.269009999999999916e-01,-4.708199999999999719e+00,8.044519999999999449e-01,5.407300000000000217e+00
1.239999999999999991e+00,7.639080000000000314e-01,1.273959999999999980e-03,-6.012690000000000222e-03,-6.452959999999999807e-01,1.208010000000000028e+00,4.048000000000000209e-02,5.475459999999999772e-01,-7.960720000000000240e+00,-2.169510000000000005e+01,2.227090000000000103e+01
1.260000000000000009e+00,7.643879999999999564e-01,4.522410000000000145e-03,-1.123840000000000082e-02,-6.446429999999999660e-01,-2.854909999999999948e-01,-3.973439999999999750e-01,1.885519999999999974e-01,2.035069999999999935e-02,-7.660249999999999559e+00,3.970779999999999976e+00
1.280000000000000027e+00,7.657239999999999602e-01,3.548889999999999857e-03,-8.202380000000000435e-03,-6.431069999999999842e-01,-2.503369999999999762e-01,6.498109999999999997e-02,4.303669999999999995e-01,4.890159999999999840e+00,-8.289920000000000400e+00,1.837190000000000012e+01
1.300000000000000044e+00,7.676739999999999675e-01,3.087420000000000008e-03,-6.115510000000000217e-03,-6.408040000000000402e-01,-1.619200000000000084e-01,-4.793689999999999757e-02,1.715079999999999938e-01,1.841139999999999999e+00,1.046270000000000033e+00,3.503909999999999858e+00
1.320000000000000062e+00,7.674109999999999543e-01,2.423020000000000122e-03,-2.671849999999999919e-03,-6.411459999999999937e-01,-5.922870000000000079e-01,2.396840000000000082e-01,-2.098569999999999880e-01,1.869869999999999921e+00,2.826360000000000205e+00,6.414069999999999716e+00
1.340000000000000080e+00,7.671780000000000266e-01,1.944549999999999968e-03,-7.224949999999999732e-04,-6.414309999999999734e-01,3.249059999999999726e-01,-3.643199999999999772e-01,-3.621900000000000119e-02,-1.083380000000000010e+00,-5.852630000000000443e+00,6.497860000000000191e+00
1.360000000000000098e+00,7.661259999999999737e-01,-4.685779999999999633e-03,7.100600000000000314e-03,-6.426340000000000385e-01,-1.192029999999999923e+00,4.953480000000000105e-01,-3.728429999999999939e-02,1.290470000000000006e+00,-5.855019999999999669e+00,1.233610000000000007e+01
1.380000000000000115e+00,7.663830000000000364e-01,-8.825869999999999549e-03,1.385809999999999993e-02,-6.421740000000000226e-01,1.778990000000000016e-01,-1.651160000000000128e-01,1.139830000000000010e-01,-4.369419999999999860e+00,-1.027710000000000079e+01,1.038369999999999926e+01
1.400000000000000133e+00,7.669660000000000366e-01,-9.292560000000000056e-03,1.268460000000000074e-02,-6.414940000000000087e-01,3.270359999999999934e-01,1.171789999999999984e-02,1.619200000000000084e-01,2.129640000000000200e+00,-2.821569999999999911e+00,9.619899999999999451e+00
1.419999999999999929e+00,7.681139999999999635e-01,-6.145849999999999577e-03,7.165770000000000126e-03,-6.402440000000000353e-01,5.507419999999999538e-01,-3.771039999999999948e-01,2.343580000000000108e-01,1.562219999999999942e+00,-3.918109999999999982e+00,7.232879999999999754e+00
1.439999999999999947e+00,7.691740000000000244e-01,-4.937579999999999573e-03,-5.229279999999999779e-04,-6.390200000000000324e-01,6.519420000000000215e-01,-3.259710000000000107e-01,-1.597900000000000015e-02,1.489190000000000014e+00,1.246180000000000065e+00,9.089589999999999392e+00
1.459999999999999964e+00,7.696279999999999788e-01,1.778190000000000022e-03,-7.628199999999999911e-03,-6.384440000000000115e-01,9.683249999999999913e-01,3.600590000000000179e-01,9.161270000000000524e-02,4.979939999999999922e-01,5.063739999999999908e-01,7.575249999999999595e+00
1.479999999999999982e+00,7.689359999999999529e-01,8.475009999999999347e-05,-3.192650000000000002e-03,-6.393180000000000529e-01,-3.217099999999999960e-01,5.219799999999999995e-01,8.735170000000000434e-02,4.881780000000000008e+00,5.957970000000000432e+00,5.155910000000000437e+00
1.500000000000000000e+00,7.683609999999999607e-01,6.891959999999999927e-03,-5.441460000000000394e-03,-6.399569999999999981e-01,3.707119999999999860e-01,-2.226400000000000046e-01,-9.267799999999999649e-02,-4.979939999999999922e-01,6.454769999999999897e+00,9.816229999999999123e+00
1.520000000000000018e+00,7.699810000000000265e-01,5.300749999999999906e-03,-1.228500000000000078e-02,-6.379259999999999931e-01,1.413610000000000033e+00,-2.663159999999999972e-01,4.591290000000000093e-01,-6.955160000000000231e+00,-1.228580000000000005e+01,6.155490000000000350e+00
1.540000000000000036e+00,7.712569999999999704e-01,4.516860000000000146e-03,-1.416659999999999968e-02,-6.363510000000000000e-01,-3.430150000000000143e-01,-3.249059999999999726e-01,1.491369999999999918e-01,-1.029509999999999925e+00,-1.751360000000000028e+00,9.985020000000000451e+00
1.560000000000000053e+00,7.729859999999999509e-01,2.202749999999999847e-03,-1.465619999999999944e-02,-6.342499999999999805e-01,-3.281009999999999760e-01,7.456850000000000110e-03,4.942829999999999724e-01,5.086479999999999890e+00,2.609679999999999778e-01,1.194829999999999970e+01
1.580000000000000071e+00,7.749449999999999950e-01,1.133810000000000070e-03,-1.570620000000000002e-02,-6.318329999999999780e-01,-2.652510000000000145e-01,-2.258360000000000090e-01,1.992039999999999922e-01,2.791640000000000121e+00,3.396180000000000199e+00,2.932900000000000063e+00
1.600000000000000089e+00,7.753079999999999972e-01,-1.438040000000000021e-03,-1.241510000000000009e-02,-6.314589999999999925e-01,-3.696470000000000034e-01,2.332930000000000004e-01,-1.118529999999999941e-01,-7.888889999999999514e-01,4.668690000000000340e-02,1.729810000000000070e+00
1.620000000000000107e+00,7.755769999999999609e-01,-5.348339999999999822e-04,-1.364770000000000046e-02,-6.311050000000000271e-01,3.845600000000000129e-01,-6.317019999999999857e-01,1.310280000000000056e-01,7.541740000000000110e-01,-4.854239999999999888e+00,7.921219999999999928e+00
1.640000000000000124e+00,7.747589999999999755e-01,-9.000680000000000486e-03,-5.653449999999999887e-05,-6.321919999999999762e-01,-9.917610000000000037e-01,6.125270000000000437e-01,9.693899999999999739e-02,1.370679999999999898e+00,-8.342599999999999127e+00,9.892839999999999634e+00
1.660000000000000142e+00,7.757389999999999564e-01,-8.027110000000000495e-03,4.025120000000000087e-03,-6.309900000000000508e-01,-1.789640000000000120e-01,6.391589999999999772e-02,2.418150000000000022e-01,-1.237800000000000011e+00,4.906920000000000393e+00,1.994369999999999976e+00
1.679999999999999938e+00,7.771339999999999915e-01,-1.115230000000000041e-02,3.459820000000000170e-03,-6.292269999999999808e-01,-4.154530000000000028e-02,-6.881610000000000227e-01,1.523329999999999962e-01,-2.431309999999999860e+00,-6.946780000000000399e+00,3.452440000000000175e+00
1.699999999999999956e+00,7.783910000000000551e-01,-1.299149999999999958e-02,-8.339110000000000055e-04,-6.276450000000000085e-01,3.004049999999999776e-01,-3.025349999999999984e-01,1.278320000000000012e-01,2.468420000000000059e+00,-1.116900000000000004e+00,7.982269999999999754e+00
1.719999999999999973e+00,7.795410000000000394e-01,-7.111130000000000229e-03,-7.595649999999999798e-03,-6.262649999999999606e-01,1.609609999999999985e+00,-1.267659999999999898e-01,1.161139999999999950e-01,1.321600000000000108e+00,-4.905719999999999636e+00,8.686159999999999215e+00
1.739999999999999991e+00,7.800540000000000251e-01,1.969960000000000024e-05,-1.126169999999999949e-02,-6.256110000000000282e-01,-3.078609999999999958e-01,3.270359999999999934e-01,-3.270359999999999934e-01,-3.949240000000000084e+00,1.639910000000000068e+01,1.080259999999999998e+01
1.760000000000000009e+00,7.797659999999999592e-01,1.528480000000000030e-03,-5.430739999999999873e-03,-6.260459999999999914e-01,9.267799999999999649e-02,6.753780000000000339e-01,-1.608549999999999980e-01,-5.494689999999999852e-01,1.325190000000000090e+00,2.364269999999999872e+00
1.780000000000000027e+00,7.781050000000000466e-01,3.531770000000000048e-03,-3.276320000000000100e-03,-6.281149999999999789e-01,-6.423539999999999806e-01,-5.933519999999999905e-01,-2.908169999999999922e-01,-3.325549999999999784e+00,5.650319999999999787e+00,4.301179999999999559e+00
1.800000000000000044e+00,7.787849999999999495e-01,8.068590000000000484e-04,-6.387180000000000114e-03,-6.272579999999999822e-01,1.216529999999999889e+00,-7.030740000000000600e-02,-2.876209999999999878e-02,-5.718549999999999578e+00,-5.650319999999999787e+00,1.490390000000000015e+01
1.820000000000000062e+00,7.801399999999999446e-01,4.451250000000000345e-03,-1.095259999999999984e-02,-6.254929999999999657e-01,3.067960000000000131e-01,-3.035999999999999810e-01,1.416800000000000004e-01,1.687909999999999966e-01,5.961560000000000192e-01,1.303880000000000017e+01
1.840000000000000080e+00,7.817030000000000367e-01,7.082080000000000146e-03,-1.305599999999999990e-02,-6.234750000000000014e-01,-1.342230000000000090e-01,3.408850000000000074e-02,3.376890000000000169e-01,3.551800000000000068e+00,8.942339999999999733e-01,9.023749999999999716e+00
1.860000000000000098e+00,7.823120000000000074e-01,2.960180000000000190e-03,-9.593439999999999954e-03,-6.228059999999999707e-01,-7.701860000000000372e-01,-8.309060000000000057e-02,-9.587379999999999514e-03,2.054219999999999935e+00,2.488770000000000149e+00,1.015140000000000065e+01
1.880000000000000115e+00,7.826779999999999848e-01,-1.259989999999999895e-03,-6.292200000000000397e-03,-6.223940000000000028e-01,4.548679999999999946e-01,2.130529999999999924e-02,9.693899999999999739e-02,-6.815089999999999648e+00,-8.013389999999999347e+00,2.115279999999999827e+00
1.900000000000000133e+00,7.830789999999999695e-01,2.296610000000000144e-03,-1.149419999999999956e-02,-6.218120000000000314e-01,-4.953480000000000105e-01,3.728429999999999939e-02,-1.906819999999999904e-01,-1.867480000000000029e+00,-4.608839999999999826e+00,9.421180000000000110e-01
1.919999999999999929e+00,7.825389999999999846e-01,-1.854629999999999907e-03,3.461219999999999770e-04,-6.225990000000000135e-01,-8.841689999999999827e-01,2.801649999999999974e-01,6.711159999999999348e-02,-1.201889999999999903e+00,-9.915589999999999904e+00,6.404490000000000016e+00
1.939999999999999947e+00,7.838159999999999572e-01,-5.522570000000000083e-03,3.926240000000000112e-03,-6.209559999999999524e-01,-6.902909999999999879e-01,-5.006739999999999802e-02,2.961429999999999896e-01,-1.655589999999999895e+00,1.541870000000000074e+00,6.872560000000000002e+00
1.959999999999999964e+00,7.857610000000000428e-01,-1.097459999999999929e-02,4.949870000000000311e-03,-6.184129999999999905e-01,-2.556630000000000014e-02,-5.464809999999999945e-01,1.970739999999999992e-01,-2.452859999999999818e+00,-5.120000000000000107e+00,9.965859999999999275e+00
1.979999999999999982e+00,7.864870000000000472e-01,-1.217500000000000006e-02,-3.475290000000000128e-04,-6.174870000000000081e-01,5.422200000000000353e-01,-2.503369999999999762e-01,1.704419999999999893e-02,2.045850000000000168e+00,-2.311599999999999877e+00,8.200139999999999318e+00
2.000000000000000000e+00,7.870780000000000554e-01,-3.347829999999999990e-03,-8.743519999999999417e-03,-6.167829999999999702e-01,1.840780000000000083e+00,-1.310280000000000056e-01,4.261059999999999848e-02,3.106479999999999908e+00,-5.357029999999999959e+00,1.081460000000000043e+01
2.020000000000000018e+00,7.868319999999999759e-01,1.461019999999999940e-03,-1.097940000000000027e-02,-6.170670000000000321e-01,-3.771039999999999948e-01,-1.182440000000000019e-01,-1.427450000000000108e-01,-6.374559999999999782e+00,1.072959999999999958e+01,9.397240000000000038e+00
2.040000000000000036e+00,7.868939999999999824e-01,1.650269999999999905e-04,-4.928300000000000042e-03,-6.170689999999999786e-01,-3.121220000000000105e-01,5.273060000000000525e-01,-1.704420000000000102e-01,-4.022260000000000169e+00,1.904590000000000005e+00,4.320339999999999847e+00
2.060000000000000053e+00,7.852109999999999923e-01,4.431980000000000077e-04,-3.979650000000000375e-03,-6.192149999999999599e-01,-7.137270000000000003e-01,-8.639289999999999470e-01,-4.740429999999999922e-01,-5.934029999999999916e+00,1.135929999999999929e+01,8.878899999999999793e+00
2.080000000000000071e+00,7.857910000000000172e-01,3.615839999999999940e-03,-1.164459999999999974e-02,-6.183720000000000327e-01,1.335839999999999916e+00,-9.267799999999999649e-02,-1.896170000000000078e-01,9.528919999999999613e-01,1.386839999999999939e+01,1.018849999999999945e+01
2.100000000000000089e+00,7.858929999999999527e-01,3.367830000000000042e-03,-1.162200000000000039e-02,-6.182429999999999870e-01,-3.792340000000000155e-01,-1.608549999999999980e-01,-9.906959999999999378e-02,-4.206610000000000404e+00,4.993109999999999715e+00,1.505710000000000015e+01
2.120000000000000107e+00,7.858519999999999950e-01,3.692570000000000054e-03,-1.061989999999999983e-02,-6.183119999999999727e-01,-2.183789999999999898e-01,1.065259999999999992e-02,-5.326319999999999666e-02,-9.588780000000000081e-01,5.018250000000000099e+00,6.776790000000000092e+00
2.140000000000000124e+00,7.853959999999999830e-01,2.787560000000000125e-03,-1.110829999999999977e-02,-6.188869999999999649e-01,-3.004049999999999776e-01,-3.834950000000000164e-02,-8.202529999999999544e-02,2.140420000000000211e+00,2.923319999999999919e+00,1.099660000000000082e+01
2.160000000000000142e+00,7.856779999999999875e-01,-2.064739999999999805e-03,-6.522299999999999973e-03,-6.185969999999999525e-01,-1.150489999999999985e-01,4.048000000000000209e-02,7.563380000000000103e-02,-8.687359999999999971e+00,-6.655879999999999797e+00,5.602430000000000021e+00
2.180000000000000160e+00,7.857779999999999765e-01,-6.076989999999999996e-03,-2.732229999999999989e-03,-6.184720000000000217e-01,-1.300689999999999902e+00,2.258360000000000090e-01,-3.451460000000000083e-01,-7.115569999999999951e+00,2.437780000000000058e+01,2.390370000000000061e+01
2.200000000000000178e+00,7.862339999999999884e-01,-7.557239999999999791e-03,6.443550000000000146e-03,-6.178489999999999815e-01,2.311620000000000064e-01,2.780340000000000034e-01,9.161270000000000524e-02,-3.684680000000000177e+00,1.541870000000000074e+00,7.387310000000000265e+00
2.220000000000000195e+00,7.869270000000000431e-01,-9.188929999999999668e-03,8.216670000000000570e-03,-6.169229999999999992e-01,-6.050699999999999967e-01,-9.906959999999999378e-02,-2.769689999999999999e-02,1.716639999999999944e+00,4.838680000000000092e+00,1.565450000000000053e+01
2.240000000000000213e+00,7.876060000000000283e-01,-9.723179999999999670e-03,6.815739999999999819e-03,-6.160649999999999737e-01,6.988130000000000175e-01,-4.932170000000000165e-01,7.243800000000000239e-02,-1.010350000000000081e+00,-5.829879999999999507e-01,5.931630000000000180e+00
2.260000000000000231e+00,7.879829999999999890e-01,-7.329780000000000149e-03,-1.330709999999999922e-03,-6.156519999999999770e-01,9.800429999999999975e-01,-3.451460000000000083e-01,-1.139830000000000010e-01,2.314000000000000057e+00,1.890220000000000011e+00,8.194160000000000110e+00
2.280000000000000249e+00,7.877370000000000205e-01,2.730760000000000045e-03,-1.036749999999999998e-02,-6.159189999999999943e-01,1.034370000000000012e+00,-1.533980000000000066e-01,-2.514020000000000143e-01,-6.311119999999999841e+00,4.261680000000000135e+00,9.403230000000000643e+00
2.300000000000000266e+00,7.870340000000000114e-01,-3.279349999999999887e-03,-5.443650000000000398e-03,-6.168770000000000087e-01,-8.149269999999999570e-01,4.282360000000000055e-01,1.480720000000000092e-01,2.142809999999999993e-01,1.920150000000000023e+00,8.429980000000000473e+00
2.319999999999999840e+00,7.859450000000000047e-01,1.660140000000000053e-03,-4.363970000000000002e-03,-6.182790000000000230e-01,1.107869999999999966e-01,3.195790000000000002e-03,-2.695119999999999738e-01,-5.203800000000000203e+00,8.991419999999999746e+00,1.112110000000000021e+01
2.339999999999999858e+00,7.857150000000000523e-01,-2.144060000000000150e-03,-4.843219999999999643e-03,-6.185669999999999780e-01,-4.751079999999999748e-01,2.748380000000000267e-01,5.709819999999999895e-01,-6.317099999999999937e+00,-1.212540000000000084e+01,-4.788400000000000295e-02
2.359999999999999876e+00,7.873179999999999623e-01,2.980720000000000071e-03,-7.639579999999999982e-03,-6.164920000000000400e-01,-7.424889999999999546e-01,2.876209999999999878e-02,2.162489999999999968e-01,1.175550000000000095e+00,-1.632849999999999913e+00,-6.512229999999999963e-01
2.379999999999999893e+00,7.889500000000000401e-01,4.528049999999999610e-03,-6.087640000000000065e-03,-6.144100000000000117e-01,-3.728429999999999800e-01,6.562029999999999808e-01,4.900220000000000131e-01,3.415329999999999977e+00,-5.300760000000000360e+00,1.188719999999999999e+01
2.399999999999999911e+00,7.908730000000000482e-01,2.776450000000000185e-03,3.631679999999999978e-03,-6.119630000000000347e-01,-1.637310000000000043e+00,4.974779999999999758e-01,2.609899999999999998e-01,1.759739999999999915e-01,4.827910000000000146e+00,8.312670000000000670e+00
2.419999999999999929e+00,7.928669999999999884e-01,-4.188139999999999918e-03,1.233609999999999915e-02,-6.092560000000000198e-01,3.110569999999999724e-01,-1.331579999999999986e-01,3.685809999999999920e-01,-1.589269999999999960e+01,-1.797449999999999903e+01,1.296940000000000026e+01
2.439999999999999947e+00,7.945240000000000080e-01,-1.212320000000000021e-03,7.330950000000000140e-03,-6.071870000000000323e-01,2.822950000000000181e-01,-1.544629999999999892e-01,1.267659999999999898e-01,-6.078879999999999839e+00,4.054579999999999629e+00,4.740520000000000067e+00
2.459999999999999964e+00,7.966280000000000028e-01,-4.597940000000000013e-03,1.158439999999999991e-02,-6.043420000000000458e-01,-9.033440000000000358e-01,-8.948219999999999785e-02,2.961429999999999896e-01,-5.183449999999999447e-01,-2.858680000000000110e+00,9.661799999999999500e+00
2.479999999999999982e+00,7.978119999999999656e-01,-8.318219999999999434e-03,1.455449999999999973e-02,-6.026730000000000143e-01,-1.523329999999999962e-01,-1.363540000000000030e-01,1.512680000000000136e-01,-6.732499999999999929e+00,-8.104369999999999630e-01,7.654259999999999842e+00
2.500000000000000000e+00,7.994120000000000115e-01,-5.086509999999999816e-03,1.252400000000000041e-02,-6.006310000000000260e-01,4.964129999999999932e-01,2.279670000000000030e-01,3.089270000000000072e-01,-2.366670000000000051e+00,-5.843049999999999855e+00,7.102400000000000269e+00
