0.000000000000000000e+00,-1.476069999999999936e+03,3.243760000000000332e+01,3.830289999999999964e+02,9.981759999999999522e-01,-9.315139999999999532e-03,5.085169999999999968e-02,-3.117090000000000138e-02
2.000000000000000042e-02,-1.476079999999999927e+03,3.245589999999999975e+01,3.830509999999999877e+02,9.981790000000000385e-01,-9.402989999999999959e-03,5.081469999999999737e-02,-3.112720000000000070e-02
4.000000000000000083e-02,-1.476069999999999936e+03,3.238940000000000197e+01,3.830600000000000023e+02,9.981759999999999522e-01,-9.329070000000000071e-03,5.080579999999999818e-02,-3.125870000000000037e-02
5.999999999999999778e-02,-1.476069999999999936e+03,3.232000000000000028e+01,3.830439999999999827e+02,9.981710000000000305e-01,-9.401670000000000860e-03,5.079940000000000150e-02,-3.138810000000000211e-02
8.000000000000000167e-02,-1.476069999999999936e+03,3.233070000000000022e+01,3.830419999999999732e+02,9.981700000000000017e-01,-9.325440000000000812e-03,5.084439999999999793e-02,-3.136099999999999999e-02
1.000000000000000056e-01,-1.475720000000000027e+03,3.245859999999999701e+01,3.829889999999999759e+02,9.982339999999999547e-01,-9.225159999999999610e-03,4.986700000000000160e-02,-3.093699999999999922e-02
1.199999999999999956e-01,-1.474059999999999945e+03,3.278229999999999933e+01,3.818290000000000077e+02,9.981970000000000010e-01,-9.895630000000000745e-03,5.082409999999999706e-02,-3.035370000000000082e-02
1.400000000000000133e-01,-1.471079999999999927e+03,3.289370000000000260e+01,3.802350000000000136e+02,9.981389999999999985e-01,-9.856830000000000452e-03,5.241099999999999925e-02,-2.956289999999999960e-02
1.600000000000000033e-01,-1.466720000000000027e+03,3.274600000000000222e+01,3.783539999999999850e+02,9.980989999999999585e-01,-1.120439999999999978e-02,5.320640000000000092e-02,-2.902160000000000156e-02
1.799999999999999933e-01,-1.461509999999999991e+03,3.309709999999999752e+01,3.784619999999999891e+02,9.981910000000000505e-01,-1.614149999999999960e-02,5.048060000000000047e-02,-2.839780000000000082e-02
2.000000000000000111e-01,-1.455650000000000091e+03,3.288940000000000197e+01,3.805710000000000264e+02,9.984410000000000229e-01,-1.805500000000000160e-02,4.467360000000000081e-02,-2.817690000000000125e-02
2.200000000000000011e-01,-1.448619999999999891e+03,3.271470000000000056e+01,3.827669999999999959e+02,9.986770000000000369e-01,-1.881750000000000089e-02,3.857759999999999662e-02,-2.830529999999999852e-02
2.399999999999999911e-01,-1.440380000000000109e+03,3.356329999999999814e+01,3.842819999999999823e+02,9.988470000000000404e-01,-2.095119999999999968e-02,3.306390000000000023e-02,-2.779490000000000086e-02
2.600000000000000089e-01,-1.430519999999999982e+03,3.421070000000000277e+01,3.847850000000000250e+02,9.990069999999999784e-01,-1.956669999999999937e-02,2.972860000000000086e-02,-2.678820000000000159e-02
2.800000000000000266e-01,-1.418849999999999909e+03,3.482959999999999923e+01,3.837040000000000077e+02,9.990790000000000504e-01,-1.703970000000000137e-02,2.945230000000000070e-02,-2.614659999999999901e-02
2.999999999999999889e-01,-1.405549999999999955e+03,3.509499999999999886e+01,3.805600000000000023e+02,9.990679999999999561e-01,-1.288669999999999920e-02,3.188789999999999680e-02,-2.608749999999999958e-02
3.200000000000000067e-01,-1.390269999999999982e+03,3.458160000000000167e+01,3.734200000000000159e+02,9.988590000000000524e-01,-6.532989999999999804e-03,3.890199999999999908e-02,-2.693649999999999864e-02
3.400000000000000244e-01,-1.374829999999999927e+03,3.767690000000000339e+01,3.670179999999999723e+02,9.986260000000000137e-01,-1.382790000000000061e-02,4.136050000000000143e-02,-2.905999999999999903e-02
3.599999999999999867e-01,-1.359130000000000109e+03,3.990509999999999735e+01,3.605860000000000127e+02,9.985230000000000494e-01,-1.010540000000000049e-02,4.691599999999999937e-02,-2.546850000000000155e-02
3.800000000000000044e-01,-1.343609999999999900e+03,4.246929999999999694e+01,3.568269999999999982e+02,9.983910000000000284e-01,-1.428379999999999928e-02,4.789439999999999670e-02,-2.678869999999999862e-02
4.000000000000000222e-01,-1.327680000000000064e+03,4.499849999999999994e+01,3.560020000000000095e+02,9.984450000000000269e-01,-1.603500000000000064e-02,4.646079999999999655e-02,-2.628609999999999974e-02
4.199999999999999845e-01,-1.310470000000000027e+03,4.701539999999999964e+01,3.551510000000000105e+02,9.985260000000000247e-01,-1.305360000000000027e-02,4.674140000000000239e-02,-2.430440000000000031e-02
4.400000000000000022e-01,-1.291039999999999964e+03,4.830400000000000205e+01,3.524750000000000227e+02,9.984509999999999774e-01,-6.233400000000000052e-03,5.122879999999999795e-02,-2.081150000000000014e-02
4.600000000000000200e-01,-1.270000000000000000e+03,4.865310000000000201e+01,3.470049999999999955e+02,9.982280000000000042e-01,1.015580000000000085e-03,5.694799999999999862e-02,-1.722330000000000041e-02
4.799999999999999822e-01,-1.248470000000000027e+03,4.836829999999999785e+01,3.409390000000000214e+02,9.979829999999999535e-01,5.212669999999999977e-03,6.143219999999999931e-02,-1.514549999999999924e-02
5.000000000000000000e-01,-1.226369999999999891e+03,4.893460000000000321e+01,3.371240000000000236e+02,9.977650000000000130e-01,-3.407040000000000068e-03,6.479250000000000287e-02,-1.599729999999999902e-02
5.200000000000000178e-01,-1.204119999999999891e+03,4.815500000000000114e+01,3.357440000000000282e+02,9.977359999999999562e-01,-8.414700000000000651e-03,6.463900000000000201e-02,-1.656190000000000093e-02
5.400000000000000355e-01,-1.181519999999999982e+03,4.489580000000000126e+01,3.379549999999999841e+02,9.980520000000000502e-01,-5.466320000000000207e-03,5.981580000000000230e-02,-1.686719999999999886e-02
5.600000000000000533e-01,-1.158250000000000000e+03,4.255680000000000263e+01,3.405299999999999727e+02,9.983659999999999757e-01,-7.404449999999999921e-03,5.401849999999999707e-02,-1.709089999999999915e-02
5.799999999999999600e-01,-1.134329999999999927e+03,3.909320000000000306e+01,3.434169999999999732e+02,9.987239999999999451e-01,-5.275799999999999761e-03,4.716650000000000009e-02,-1.723159999999999969e-02
5.999999999999999778e-01,-1.108779999999999973e+03,3.461010000000000275e+01,3.448750000000000000e+02,9.988580000000000236e-01,-2.226539999999999997e-04,4.433909999999999935e-02,-1.780709999999999932e-02
6.199999999999999956e-01,-1.081079999999999927e+03,2.996049999999999969e+01,3.434759999999999991e+02,9.986549999999999594e-01,4.432720000000000236e-03,4.842980000000000201e-02,-1.797730000000000161e-02
6.400000000000000133e-01,-1.052190000000000055e+03,2.770720000000000027e+01,3.403249999999999886e+02,9.981520000000000392e-01,9.637649999999999993e-04,5.795580000000000176e-02,-1.825970000000000024e-02
6.600000000000000311e-01,-1.023389999999999986e+03,2.769379999999999953e+01,3.385079999999999814e+02,9.976570000000000160e-01,-7.687499999999999889e-03,6.518250000000000433e-02,-1.932369999999999921e-02
6.800000000000000488e-01,-9.957709999999999582e+02,2.614639999999999986e+01,3.379970000000000141e+02,9.976159999999999473e-01,-7.328780000000000017e-03,6.511459999999999471e-02,-2.165529999999999886e-02
7.000000000000000666e-01,-9.692519999999999527e+02,2.551950000000000074e+01,3.390339999999999918e+02,9.978770000000000140e-01,-1.016849999999999915e-03,6.252510000000000012e-02,-1.821580000000000074e-02
7.199999999999999734e-01,-9.418060000000000400e+02,2.707379999999999853e+01,3.391639999999999873e+02,9.978909999999999725e-01,-9.861999999999999239e-03,6.147810000000000080e-02,-1.832900000000000154e-02
7.399999999999999911e-01,-9.132390000000000327e+02,2.707679999999999865e+01,3.396419999999999959e+02,9.978770000000000140e-01,-7.614420000000000216e-03,6.226809999999999984e-02,-1.751079999999999998e-02
7.600000000000000089e-01,-8.834900000000000091e+02,2.701259999999999906e+01,3.387230000000000132e+02,9.977179999999999938e-01,-5.782769999999999577e-03,6.475569999999999937e-02,-1.822570000000000093e-02
7.800000000000000266e-01,-8.532559999999999718e+02,2.706859999999999999e+01,3.367250000000000227e+02,9.975159999999999583e-01,-5.994870000000000233e-03,6.751749999999999419e-02,-1.917599999999999860e-02
8.000000000000000444e-01,-8.241209999999999809e+02,2.588410000000000011e+01,3.363220000000000027e+02,9.975939999999999808e-01,-4.962710000000000385e-03,6.655990000000000517e-02,-1.876200000000000090e-02
8.200000000000000622e-01,-7.950410000000000537e+02,2.720009999999999906e+01,3.342049999999999841e+02,9.972699999999999898e-01,-1.400559999999999999e-02,6.997059999999999391e-02,-1.899539999999999909e-02
8.399999999999999689e-01,-7.665040000000000191e+02,2.544180000000000064e+01,3.346059999999999945e+02,9.973360000000000003e-01,-1.002190000000000025e-02,7.004040000000000266e-02,-1.773869999999999961e-02
8.599999999999999867e-01,-7.376770000000000209e+02,2.324589999999999890e+01,3.356340000000000146e+02,9.974730000000000540e-01,-7.119720000000000389e-03,6.847000000000000308e-02,-1.759540000000000062e-02
8.800000000000000044e-01,-7.089629999999999654e+02,2.125519999999999854e+01,3.378919999999999959e+02,9.978810000000000180e-01,-6.063390000000000099e-03,6.254529999999999812e-02,-1.684920000000000168e-02
9.000000000000000222e-01,-6.788110000000000355e+02,1.692000000000000171e+01,3.386970000000000027e+02,9.980970000000000120e-01,2.941410000000000205e-03,5.924100000000000199e-02,-1.687769999999999895e-02
9.200000000000000400e-01,-6.481269999999999527e+02,1.351570000000000071e+01,3.381829999999999927e+02,9.980529999999999680e-01,6.296409999999999681e-03,5.961550000000000182e-02,-1.720839999999999870e-02
9.400000000000000577e-01,-6.169239999999999782e+02,1.187139999999999951e+01,3.376530000000000200e+02,9.978390000000000315e-01,7.560779999999999584e-03,6.286170000000000646e-02,-1.755599999999999869e-02
9.599999999999999645e-01,-5.878999999999999773e+02,1.311369999999999969e+01,3.403870000000000005e+02,9.981670000000000265e-01,-3.719150000000000060e-04,5.752920000000000256e-02,-1.876229999999999912e-02
9.799999999999999822e-01,-5.598400000000000318e+02,1.215799999999999947e+01,3.427470000000000141e+02,9.983279999999999932e-01,1.113470000000000085e-02,5.490910000000000235e-02,-1.420249999999999985e-02
1.000000000000000000e+00,-5.310069999999999482e+02,1.289910000000000068e+01,3.441899999999999977e+02,9.984189999999999454e-01,8.106560000000000502e-03,5.378779999999999673e-02,-1.419759999999999946e-02
1.020000000000000018e+00,-5.014370000000000118e+02,1.328289999999999971e+01,3.459789999999999850e+02,9.984319999999999862e-01,8.415560000000000748e-03,5.360399999999999887e-02,-1.377830000000000027e-02
1.040000000000000036e+00,-4.710219999999999914e+02,1.367420000000000080e+01,3.463729999999999905e+02,9.983750000000000124e-01,8.133210000000000092e-03,5.441710000000000297e-02,-1.484770000000000013e-02
1.060000000000000053e+00,-4.393929999999999723e+02,1.520960000000000001e+01,3.441689999999999827e+02,9.981680000000000552e-01,2.640229999999999921e-03,5.834000000000000297e-02,-1.583340000000000095e-02
1.080000000000000071e+00,-4.093340000000000032e+02,1.517890000000000050e+01,3.437090000000000032e+02,9.981489999999999529e-01,4.475470000000000164e-04,5.884000000000000341e-02,-1.536460000000000083e-02
1.100000000000000089e+00,-3.789320000000000164e+02,1.758950000000000102e+01,3.409510000000000218e+02,9.976610000000000200e-01,-1.400969999999999993e-02,6.463599999999999901e-02,-1.726580000000000129e-02
1.120000000000000107e+00,-3.492330000000000041e+02,1.696059999999999945e+01,3.414820000000000277e+02,9.976920000000000233e-01,-1.157110000000000083e-02,6.492799999999999960e-02,-1.615710000000000063e-02
1.140000000000000124e+00,-3.193679999999999950e+02,1.552950000000000053e+01,3.431499999999999773e+02,9.978310000000000235e-01,-8.458790000000000753e-03,6.319070000000000242e-02,-1.641159999999999841e-02
1.159999999999999920e+00,-2.895930000000000177e+02,1.465259999999999962e+01,3.456940000000000168e+02,9.982109999999999594e-01,-7.682740000000000402e-03,5.727840000000000015e-02,-1.533419999999999922e-02
1.179999999999999938e+00,-2.582300000000000182e+02,1.141960000000000086e+01,3.465749999999999886e+02,9.983800000000000452e-01,1.557079999999999966e-03,5.493989999999999985e-02,-1.470499999999999932e-02
1.199999999999999956e+00,-2.259269999999999925e+02,8.792989999999999640e+00,3.446349999999999909e+02,9.981740000000000057e-01,8.214149999999999924e-03,5.821740000000000248e-02,-1.384939999999999956e-02
1.219999999999999973e+00,-1.937729999999999961e+02,9.389609999999999346e+00,3.430649999999999977e+02,9.980400000000000382e-01,2.396769999999999890e-03,6.076179999999999776e-02,-1.478080000000000019e-02
1.239999999999999991e+00,-1.632290000000000134e+02,9.245879999999999654e+00,3.430699999999999932e+02,9.981670000000000265e-01,1.160970000000000101e-03,5.819830000000000142e-02,-1.654869999999999952e-02
1.260000000000000009e+00,-1.335629999999999882e+02,8.628959999999999297e+00,3.435600000000000023e+02,9.982609999999999539e-01,8.513440000000000590e-03,5.669649999999999690e-02,-1.370399999999999917e-02
1.280000000000000027e+00,-1.029650000000000034e+02,1.019009999999999927e+01,3.428410000000000082e+02,9.982090000000000130e-01,4.753199999999999960e-03,5.835540000000000171e-02,-1.228549999999999955e-02
1.300000000000000044e+00,-7.171989999999999554e+01,1.226399999999999935e+01,3.433469999999999800e+02,9.981729999999999769e-01,3.505659999999999853e-03,5.963600000000000151e-02,-9.047919999999999227e-03
1.320000000000000062e+00,-3.961659999999999826e+01,1.355959999999999965e+01,3.415930000000000177e+02,9.980059999999999487e-01,1.712909999999999834e-05,6.236680000000000001e-02,-9.712500000000000647e-03
1.340000000000000080e+00,-8.114850000000000563e+00,1.384050000000000047e+01,3.405969999999999800e+02,9.979320000000000412e-01,-2.218900000000000212e-03,6.326640000000000041e-02,-1.114069999999999991e-02
1.360000000000000098e+00,2.323120000000000118e+01,1.525070000000000014e+01,3.391569999999999823e+02,9.977350000000000385e-01,-1.087289999999999958e-02,6.530859999999999443e-02,-1.191009999999999985e-02
1.380000000000000115e+00,5.417020000000000124e+01,1.657359999999999900e+01,3.385430000000000064e+02,9.974380000000000468e-01,-1.963669999999999999e-02,6.768359999999999654e-02,-1.231720000000000037e-02
1.400000000000000133e+00,8.413660000000000139e+01,1.597170000000000023e+01,3.403860000000000241e+02,9.975870000000000015e-01,-1.785820000000000116e-02,6.613579999999999459e-02,-1.132009999999999961e-02
1.419999999999999929e+00,1.145090000000000003e+02,1.446310000000000073e+01,3.424759999999999991e+02,9.978359999999999452e-01,-1.195079999999999927e-02,6.397319999999999396e-02,-9.351119999999999224e-03
1.439999999999999947e+00,1.449350000000000023e+02,1.228640000000000043e+01,3.454639999999999986e+02,9.982140000000000457e-01,-5.605680000000000038e-03,5.901979999999999726e-02,-7.292960000000000241e-03
1.459999999999999964e+00,1.770780000000000030e+02,8.451890000000000569e+00,3.462049999999999841e+02,9.982550000000000034e-01,4.613579999999999938e-03,5.852349999999999913e-02,-6.337250000000000001e-03
1.479999999999999982e+00,2.090629999999999882e+02,7.078470000000000262e+00,3.458249999999999886e+02,9.981510000000000105e-01,5.412080000000000536e-04,6.033789999999999987e-02,-7.281560000000000289e-03
1.500000000000000000e+00,2.409190000000000111e+02,4.534220000000000361e+00,3.452780000000000200e+02,9.979449999999999710e-01,7.522870000000000078e-03,6.315239999999999743e-02,-7.756660000000000291e-03
1.520000000000000018e+00,2.700790000000000077e+02,5.040910000000000224e+00,3.489510000000000218e+02,9.983630000000000004e-01,7.938610000000000458e-03,5.620990000000000014e-02,-6.976330000000000205e-03
1.540000000000000036e+00,2.996050000000000182e+02,5.836949999999999861e+00,3.510629999999999882e+02,9.984370000000000189e-01,1.030580000000000038e-02,5.483880000000000005e-02,-3.096030000000000049e-03
1.560000000000000053e+00,3.289279999999999973e+02,7.635299999999999976e+00,3.537210000000000036e+02,9.985889999999999489e-01,7.626380000000000312e-03,5.254289999999999655e-02,-8.830539999999999787e-04
1.580000000000000071e+00,3.592760000000000105e+02,9.516880000000000450e+00,3.563120000000000118e+02,9.986540000000000417e-01,7.682409999999999760e-03,5.125409999999999688e-02,2.210119999999999880e-03
1.600000000000000089e+00,3.904710000000000036e+02,1.167440000000000033e+01,3.557719999999999914e+02,9.986049999999999649e-01,2.541719999999999917e-03,5.269179999999999697e-02,2.416730000000000180e-03
1.620000000000000107e+00,4.208190000000000168e+02,1.139059999999999917e+01,3.557889999999999873e+02,9.986209999999999809e-01,4.314499999999999759e-03,5.224519999999999859e-02,2.669869999999999969e-03
1.640000000000000124e+00,4.515790000000000077e+02,1.419500000000000028e+01,3.533670000000000186e+02,9.982870000000000354e-01,-1.118599999999999976e-02,5.741750000000000326e-02,3.373620000000000134e-04
1.660000000000000142e+00,4.821109999999999900e+02,1.488209999999999944e+01,3.524200000000000159e+02,9.980759999999999632e-01,-1.176130000000000057e-02,6.082049999999999956e-02,2.695509999999999920e-03
1.679999999999999938e+00,5.115190000000000055e+02,1.570839999999999925e+01,3.535880000000000223e+02,9.981929999999999970e-01,-1.512759999999999973e-02,5.798670000000000213e-02,4.345060000000000415e-03
1.699999999999999956e+00,5.412960000000000491e+02,1.508430000000000071e+01,3.559889999999999759e+02,9.984459999999999447e-01,-1.303529999999999966e-02,5.375470000000000248e-02,6.819200000000000088e-03
1.719999999999999973e+00,5.725199999999999818e+02,1.237040000000000006e+01,3.566650000000000205e+02,9.985640000000000072e-01,-3.823389999999999862e-03,5.275520000000000209e-02,8.515460000000000737e-03
1.739999999999999991e+00,6.049249999999999545e+02,9.301299999999999457e+00,3.554080000000000155e+02,9.984079999999999622e-01,5.853859999999999793e-03,5.500870000000000065e-02,1.101109999999999936e-02
1.760000000000000009e+00,6.368170000000000073e+02,8.982789999999999608e+00,3.536379999999999768e+02,9.981879999999999642e-01,1.486209999999999962e-03,5.942410000000000053e-02,9.349170000000000397e-03
1.780000000000000027e+00,6.684370000000000118e+02,7.546909999999999563e+00,3.507930000000000064e+02,9.979839999999999822e-01,2.745490000000000170e-03,6.299599999999999644e-02,7.158489999999999992e-03
1.800000000000000044e+00,6.971839999999999691e+02,8.415179999999999438e+00,3.520939999999999941e+02,9.983070000000000555e-01,7.529610000000000166e-04,5.768770000000000148e-02,7.336520000000000021e-03
1.820000000000000062e+00,7.268279999999999745e+02,8.523080000000000211e+00,3.522189999999999941e+02,9.983020000000000227e-01,7.778720000000000252e-03,5.683450000000000307e-02,1.011659999999999990e-02
1.840000000000000080e+00,7.567119999999999891e+02,1.017420000000000080e+01,3.526619999999999777e+02,9.982410000000000450e-01,1.064179999999999987e-02,5.682720000000000132e-02,1.309779999999999972e-02
1.860000000000000098e+00,7.870910000000000082e+02,1.347460000000000058e+01,3.524990000000000236e+02,9.982659999999999867e-01,4.637559999999999773e-03,5.707439999999999736e-02,1.363679999999999927e-02
1.880000000000000115e+00,8.182100000000000364e+02,1.687419999999999831e+01,3.515769999999999982e+02,9.982689999999999619e-01,-1.801920000000000041e-03,5.728339999999999821e-02,1.322510000000000005e-02
1.900000000000000133e+00,8.482549999999999955e+02,1.672719999999999985e+01,3.514139999999999873e+02,9.983149999999999524e-01,6.185310000000000287e-03,5.572540000000000132e-02,1.494879999999999994e-02
1.919999999999999929e+00,8.790280000000000200e+02,1.991069999999999851e+01,3.479370000000000118e+02,9.979660000000000197e-01,-6.866030000000000397e-03,6.213010000000000060e-02,1.248149999999999954e-02
1.939999999999999947e+00,9.084470000000000027e+02,2.165579999999999927e+01,3.489739999999999895e+02,9.979090000000000460e-01,-9.722639999999999408e-03,6.205839999999999967e-02,1.524030000000000003e-02
1.959999999999999964e+00,9.373959999999999582e+02,2.392849999999999966e+01,3.512540000000000191e+02,9.979540000000000077e-01,-1.632410000000000111e-02,5.915639999999999787e-02,1.796079999999999899e-02
1.979999999999999982e+00,9.665570000000000164e+02,2.307620000000000005e+01,3.554479999999999791e+02,9.982490000000000530e-01,-1.281069999999999952e-02,5.434649999999999898e-02,1.953299999999999828e-02
2.000000000000000000e+00,9.975230000000000246e+02,2.009339999999999904e+01,3.571700000000000159e+02,9.983170000000000099e-01,-9.763039999999999956e-04,5.423560000000000186e-02,2.051280000000000117e-02
2.020000000000000018e+00,1.029190000000000055e+03,1.773179999999999978e+01,3.575289999999999964e+02,9.981780000000000097e-01,6.628049999999999914e-03,5.596000000000000280e-02,2.158229999999999871e-02
2.040000000000000036e+00,1.060990000000000009e+03,1.904200000000000159e+01,3.570389999999999873e+02,9.980059999999999487e-01,-6.193210000000000425e-04,5.967719999999999969e-02,2.053409999999999958e-02
2.060000000000000053e+00,1.092569999999999936e+03,1.898720000000000141e+01,3.565550000000000068e+02,9.979710000000000525e-01,-8.827730000000000266e-05,6.078959999999999919e-02,1.894399999999999903e-02
2.080000000000000071e+00,1.121859999999999900e+03,1.869669999999999987e+01,3.583969999999999914e+02,9.982210000000000250e-01,6.067590000000000310e-03,5.599319999999999992e-02,1.957949999999999968e-02
2.100000000000000089e+00,1.152150000000000091e+03,1.989880000000000138e+01,3.583509999999999991e+02,9.982269999999999754e-01,5.707020000000000148e-03,5.603500000000000147e-02,1.925549999999999831e-02
2.120000000000000107e+00,1.182609999999999900e+03,2.167129999999999868e+01,3.594039999999999964e+02,9.981769999999999810e-01,5.013560000000000239e-03,5.685889999999999694e-02,1.959260000000000168e-02
2.140000000000000124e+00,1.213180000000000064e+03,2.349190000000000111e+01,3.602900000000000205e+02,9.982459999999999667e-01,4.194319999999999646e-03,5.614090000000000052e-02,1.830829999999999957e-02
2.160000000000000142e+00,1.244599999999999909e+03,2.731759999999999877e+01,3.595110000000000241e+02,9.982039999999999802e-01,-3.028900000000000169e-03,5.706370000000000192e-02,1.797730000000000161e-02
2.180000000000000160e+00,1.274940000000000055e+03,2.986449999999999960e+01,3.589100000000000250e+02,9.981370000000000520e-01,-5.690390000000000031e-03,5.715080000000000160e-02,2.058799999999999866e-02
2.200000000000000178e+00,1.305640000000000100e+03,3.278609999999999758e+01,3.559610000000000127e+02,9.977019999999999778e-01,-1.738719999999999849e-02,6.314409999999999468e-02,1.737319999999999837e-02
2.220000000000000195e+00,1.335569999999999936e+03,3.452320000000000277e+01,3.565989999999999895e+02,9.976490000000000080e-01,-1.670500000000000110e-02,6.335390000000000466e-02,2.009659999999999919e-02
2.240000000000000213e+00,1.365690000000000055e+03,3.544839999999999947e+01,3.579680000000000177e+02,9.977110000000000145e-01,-1.773220000000000005e-02,6.186610000000000026e-02,2.074190000000000061e-02
2.260000000000000231e+00,1.395789999999999964e+03,3.419060000000000343e+01,3.606449999999999818e+02,9.980790000000000495e-01,-9.553479999999999611e-03,5.724280000000000340e-02,2.167600000000000082e-02
2.280000000000000249e+00,1.427470000000000027e+03,3.116019999999999968e+01,3.607719999999999914e+02,9.980649999999999800e-01,5.681219999999999846e-03,5.794880000000000170e-02,2.182709999999999859e-02
2.300000000000000266e+00,1.457670000000000073e+03,3.195429999999999993e+01,3.618260000000000218e+02,9.981919999999999682e-01,-2.337269999999999799e-03,5.639979999999999993e-02,2.063769999999999841e-02
2.319999999999999840e+00,1.488140000000000100e+03,3.144170000000000087e+01,3.617160000000000082e+02,9.979940000000000477e-01,8.906170000000000146e-04,6.025529999999999775e-02,1.941700000000000023e-02
2.339999999999999858e+00,1.515759999999999991e+03,3.383670000000000044e+01,3.650409999999999968e+02,9.982529999999999459e-01,-2.427030000000000159e-03,5.613959999999999784e-02,1.826409999999999839e-02
2.359999999999999876e+00,1.543509999999999991e+03,3.528629999999999711e+01,3.662880000000000109e+02,9.980560000000000542e-01,4.710129999999999872e-03,5.817569999999999686e-02,2.183649999999999827e-02
2.379999999999999893e+00,1.570670000000000073e+03,3.842410000000000281e+01,3.674089999999999918e+02,9.979489999999999750e-01,2.499250000000000169e-03,5.958279999999999826e-02,2.325489999999999849e-02
2.399999999999999911e+00,1.598369999999999891e+03,4.326559999999999917e+01,3.667429999999999950e+02,9.974730000000000540e-01,-2.969970000000000162e-03,6.582469999999999988e-02,2.656379999999999852e-02
2.419999999999999929e+00,1.624029999999999973e+03,4.986169999999999902e+01,3.663149999999999977e+02,9.971219999999999528e-01,-1.731540000000000162e-02,6.820729999999999849e-02,2.821579999999999921e-02
2.439999999999999947e+00,1.646640000000000100e+03,5.100390000000000157e+01,3.707970000000000255e+02,9.972699999999999898e-01,-8.397570000000000034e-03,6.573420000000000651e-02,3.255879999999999885e-02
2.459999999999999964e+00,1.668109999999999900e+03,5.457569999999999766e+01,3.731890000000000214e+02,9.971259999999999568e-01,-1.356629999999999989e-02,6.531040000000000456e-02,3.591280000000000167e-02
2.479999999999999982e+00,1.688730000000000018e+03,5.648790000000000333e+01,3.757490000000000236e+02,9.970259999999999678e-01,-1.763259999999999827e-02,6.472189999999999888e-02,3.794320000000000331e-02
2.500000000000000000e+00,1.708589999999999918e+03,5.608840000000000003e+01,3.785840000000000032e+02,9.970069999999999766e-01,-1.466240000000000078e-02,6.439359999999999529e-02,4.018349999999999700e-02
