0.000000000000000000e+00,-1.476069999999999993e+00,3.243760000000000393e-02,3.830290000000000084e-01,-1.251931117860487935e-04,-1.624679216304542170e-03,1.120597574762397051e-03
2.000000000000000042e-02,-1.476080000000000059e+00,3.245590000000000280e-02,3.830509999999999748e-01,-3.502396403480269690e-05,-1.680577084742538229e-03,6.018075163798848083e-04
4.000000000000000083e-02,-1.476069999999999993e+00,3.238940000000000569e-02,3.830600000000000116e-01,5.514518370581050701e-05,-1.736474953180098440e-03,8.301745799843715751e-05
5.999999999999999778e-02,-1.476069999999999993e+00,3.232000000000000151e-02,3.830439999999999956e-01,8.169552819439779290e-02,-8.566460500522350046e-04,1.740252256756004553e-03
8.000000000000000167e-02,-1.476069999999999993e+00,3.233070000000000388e-02,3.830419999999999936e-01,3.638205206263385172e-01,1.851783313077692752e-03,4.707706931063873439e-03
1.000000000000000056e-01,-1.467997668639053455e+00,3.239612319526627426e-02,3.832333266272189287e-01,7.290210563548575884e-01,4.513002738174505361e-03,7.901277457963490000e-03
1.199999999999999956e-01,-1.444020674556213191e+00,3.253119278106508805e-02,3.834323065088757199e-01,1.042028762007858322e+00,6.058418330003780689e-03,9.901965952085761344e-03
1.400000000000000133e-01,-1.420043680473372927e+00,3.266626236686390877e-02,3.836312863905325110e-01,1.200641922510154558e+00,6.763575392555632067e-03,9.963867314975345668e-03
1.600000000000000033e-01,-1.396066686390532663e+00,3.280133195266272256e-02,3.838302662721893022e-01,1.195467098877999401e+00,6.734424061819113336e-03,9.920922574264310137e-03
1.799999999999999933e-01,-1.372089692307692399e+00,3.293640153846153634e-02,3.840292461538461488e-01,1.198061291518002669e+00,6.749037925598575481e-03,9.942451217209501840e-03
2.000000000000000111e-01,-1.348112698224852135e+00,3.307147112426035707e-02,3.842282260355029400e-01,1.211480855864425665e+00,6.824634349053886051e-03,1.005381727570338161e-02
2.200000000000000011e-01,-1.324135704142012093e+00,3.320654071005917085e-02,3.844272059171597311e-01,1.202760024906869507e+00,6.775507297464886981e-03,9.981444988089017631e-03
2.399999999999999911e-01,-1.300158710059171829e+00,3.334161029585799157e-02,3.846261857988165223e-01,1.202644344258878339e+00,6.774855633742702180e-03,9.980484979442330595e-03
2.600000000000000089e-01,-1.276181715976331565e+00,3.347667988165680536e-02,3.848251656804733689e-01,1.187567775448987284e+00,6.689924808077794653e-03,9.855367799731578130e-03
2.800000000000000266e-01,-1.252204721893491302e+00,3.361174946745561914e-02,3.850241455621301601e-01,1.193864302584220161e+00,6.725395030457947260e-03,9.907621314908816174e-03
2.999999999999999889e-01,-1.228227727810651038e+00,3.374681905325443987e-02,3.852231254437869512e-01,1.202158905253726928e+00,6.772121010498044144e-03,9.976456426259902241e-03
3.200000000000000067e-01,-1.204250733727810774e+00,3.388188863905325365e-02,3.854221053254437424e-01,1.197010318698064735e+00,6.743117481068177342e-03,9.933729421365354584e-03
3.400000000000000244e-01,-1.180273739644970510e+00,3.401695822485207438e-02,3.856210852071005890e-01,1.196509112762685012e+00,6.740294037985213038e-03,9.929570021843935057e-03
3.599999999999999867e-01,-1.156296745562130246e+00,3.415202781065088816e-02,3.858200650887573802e-01,1.187875512983795900e+00,6.691658385740499072e-03,9.857921646891332559e-03
3.800000000000000044e-01,-1.132319751479290204e+00,3.428709739644970195e-02,3.860190449704141713e-01,1.203142805512910085e+00,6.777663615213843154e-03,9.984621601446443812e-03
4.000000000000000222e-01,-1.108342757396449940e+00,3.442216698224852267e-02,3.862180248520709624e-01,1.202216717539077662e+00,6.772446684409033461e-03,9.976936197897327482e-03
4.199999999999999845e-01,-1.084365763313609676e+00,3.455723656804733646e-02,3.864170047337278091e-01,1.196036898895257439e+00,6.737633915900622522e-03,9.925651221217163256e-03
4.400000000000000022e-01,-1.060388769230769412e+00,3.469230615384615718e-02,3.866159846153846003e-01,1.201764663232720354e+00,6.769900127167193145e-03,9.973184697101428187e-03
4.600000000000000200e-01,-1.036411775147929148e+00,3.482737573964497096e-02,3.868149644970413914e-01,1.203162784453170264e+00,6.777776162565562687e-03,9.984787402345181653e-03
4.799999999999999822e-01,-1.012434781065088885e+00,3.496244532544378475e-02,3.870139443786981825e-01,1.198537649713422581e+00,6.751721393923465486e-03,9.946404410717122474e-03
5.000000000000000000e-01,-9.884577869822487317e-01,3.509751491124260547e-02,3.872129242603550292e-01,1.195155255192910770e+00,6.732667352982607024e-03,9.918334651051441062e-03
5.200000000000000178e-01,-9.644807928994084678e-01,3.523258449704141926e-02,3.874119041420118204e-01,1.193557796886544953e+00,6.723668392102611149e-03,9.905077690497567089e-03
5.400000000000000355e-01,-9.405037988165682039e-01,3.536765408284023998e-02,3.876108840236686115e-01,1.206936734274531187e+00,6.799035951738269072e-03,1.001610659466154601e-02
5.600000000000000533e-01,-9.165268047337280510e-01,3.550272366863905377e-02,3.878098639053254026e-01,1.213191559877947023e+00,6.834271256905336683e-03,1.006801403785704575e-02
5.799999999999999600e-01,-8.925498106508877871e-01,3.563779325443786755e-02,3.880088437869822493e-01,1.201580191313617929e+00,6.768860941620495793e-03,9.971653804592788689e-03
5.999999999999999778e-01,-8.685728165680475232e-01,3.577286284023668828e-02,3.882078236686390404e-01,1.192075022268884954e+00,6.715315478774663491e-03,9.892772465041428306e-03
6.199999999999999956e-01,-8.445958224852072593e-01,3.590793242603550206e-02,3.884068035502958316e-01,1.192550259674846069e+00,6.717992633356976127e-03,9.896716357360099692e-03
6.400000000000000133e-01,-8.206188284023671065e-01,3.604300201183432278e-02,3.886057834319526227e-01,1.202972195927744403e+00,6.776702520344263236e-03,9.983205749445710556e-03
6.600000000000000311e-01,-7.966418343195268426e-01,3.617807159763313657e-02,3.888047633136094694e-01,1.198062061706461012e+00,6.749042264300677066e-03,9.942457608836484731e-03
6.800000000000000488e-01,-7.726648402366865787e-01,3.631314118343195035e-02,3.890037431952662605e-01,1.202877257693001578e+00,6.776167704845677091e-03,9.982417877593897232e-03
7.000000000000000666e-01,-7.486878461538463148e-01,3.644821076923077108e-02,3.892027230769230517e-01,1.205220589385588070e+00,6.789368393806716889e-03,1.000186467986046400e-02
7.199999999999999734e-01,-7.247108520710061619e-01,3.658328035502958486e-02,3.894017029585798428e-01,1.195091255254858709e+00,6.732306822171516165e-03,9.917803529424833175e-03
7.399999999999999911e-01,-7.007338579881658980e-01,3.671834994082840559e-02,3.896006828402366895e-01,1.199991942028755254e+00,6.759913857915500132e-03,9.958473267713647062e-03
7.600000000000000089e-01,-6.767568639053256341e-01,3.685341952662721937e-02,3.897996627218934806e-01,1.187219904585470109e+00,6.687965147359530536e-03,9.852480894766863298e-03
7.800000000000000266e-01,-6.527798698224853702e-01,3.698848911242603316e-02,3.899986426035502718e-01,1.189352223784579721e+00,6.699977139772647639e-03,9.870176550045291902e-03
8.000000000000000444e-01,-6.288028757396452173e-01,3.712355869822485388e-02,3.901976224852070629e-01,1.202752833380834829e+00,6.775466785445765673e-03,9.981385307172239638e-03
8.200000000000000622e-01,-6.048258816568049534e-01,3.725862828402366767e-02,3.903966023668639096e-01,1.203340865041189867e+00,6.778779343830915530e-03,9.986265254582682438e-03
8.399999999999999689e-01,-5.808488875739646895e-01,3.739369786982248839e-02,3.905955822485207007e-01,1.201078752406345096e+00,6.766036186137166890e-03,9.967492471687268776e-03
8.599999999999999867e-01,-5.568718934911245366e-01,3.752876745562130217e-02,3.907945621301774919e-01,1.200456331982456382e+00,6.762529905551877170e-03,9.962327139375563162e-03
8.800000000000000044e-01,-5.328948994082842727e-01,3.766383704142011596e-02,3.909935420118342830e-01,1.194479687290658010e+00,6.728861676740504824e-03,9.912728259325712804e-03
9.000000000000000222e-01,-5.089179053254440088e-01,3.779890662721893668e-02,3.911925218934911297e-01,1.201609501864811635e+00,6.769026056730283701e-03,9.971897046509364468e-03
9.200000000000000400e-01,-4.849409112426038004e-01,3.793397621301775047e-02,3.913915017751479208e-01,1.200866911019040417e+00,6.764842820182428995e-03,9.965734445888892179e-03
9.400000000000000577e-01,-4.609639171597635365e-01,3.806904579881657119e-02,3.915904816568047120e-01,1.196499013577671855e+00,6.740237146252590385e-03,9.929486210894464607e-03
9.599999999999999645e-01,-4.369869230769233281e-01,3.820411538461538498e-02,3.917894615384615031e-01,1.202185579520730796e+00,6.772271274629712914e-03,9.976677790225773473e-03
9.799999999999999822e-01,-4.130099289940830642e-01,3.833918497041419876e-02,3.919884414201183498e-01,1.200915195220913612e+00,6.765114819546540030e-03,9.966135146024412278e-03
1.000000000000000000e+00,-3.890329349112428559e-01,3.847425455621301948e-02,3.921874213017751409e-01,1.207125116202255377e+00,6.800097163534194605e-03,1.001766993548465316e-02
1.020000000000000018e+00,-3.650559408284025920e-01,3.860932414201183327e-02,3.923864011834319321e-01,1.194849634029768515e+00,6.730945697475132668e-03,9.915798367201147934e-03
1.040000000000000036e+00,-3.410789467455623836e-01,3.874439372781065399e-02,3.925853810650887232e-01,1.195618278582268657e+00,6.735275702352757320e-03,9.922177181892160094e-03
1.060000000000000053e+00,-3.171019526627221197e-01,3.887946331360946778e-02,3.927843609467455699e-01,1.200487949890989281e+00,6.762708018696279855e-03,9.962589529551663797e-03
1.080000000000000071e+00,-2.931249585798819113e-01,3.901453289940828156e-02,3.929833408284023610e-01,1.196943763128114790e+00,6.742742553617419622e-03,9.933177091102437725e-03
1.100000000000000089e+00,-2.691479644970416474e-01,3.914960248520710229e-02,3.931823207100591522e-01,1.194140857466721384e+00,6.726952946904960276e-03,9.909916383989988628e-03
1.120000000000000107e+00,-2.451709704142014390e-01,3.928467207100591607e-02,3.933813005917159433e-01,1.190239783724780231e+00,6.704977030629738315e-03,9.877542217786548784e-03
1.140000000000000124e+00,-2.211939763313612028e-01,3.941974165680473680e-02,3.935802804733727900e-01,1.195591985515577882e+00,6.735127585636591779e-03,9.921958981425305427e-03
1.159999999999999920e+00,-1.972169822485209667e-01,3.955481124260355058e-02,3.937792603550295811e-01,1.206912621695396481e+00,6.798900118361287000e-03,1.001590648958824645e-02
1.179999999999999938e+00,-1.732399881656807306e-01,3.968988082840236437e-02,3.939782402366863723e-01,1.209877774409309881e+00,6.815603711293560449e-03,1.004051364985489130e-02
1.199999999999999956e+00,-1.492629940828404944e-01,3.982495041420118509e-02,3.941772201183431634e-01,1.193650811543301549e+00,6.724192371510443432e-03,9.905849598992070779e-03
1.219999999999999973e+00,-1.252860000000002583e-01,3.996001999999999887e-02,3.943762000000000101e-01,1.191123620471272737e+00,6.709955947622095462e-03,9.884876987550389460e-03
1.239999999999999991e+00,-1.013090059171600221e-01,4.009508958579881960e-02,3.945751798816568012e-01,1.191830876855161758e+00,6.713940134567887921e-03,9.890746355123077385e-03
1.260000000000000009e+00,-7.733201183431979986e-02,4.023015917159763338e-02,3.947741597633135924e-01,1.190797866250999038e+00,6.708120876576319051e-03,9.882173623818744229e-03
1.280000000000000027e+00,-5.335501775147956371e-02,4.036522875739644717e-02,3.949731396449703835e-01,1.204655677245032974e+00,6.786186074597990586e-03,9.997176596338785623e-03
1.300000000000000044e+00,-2.937802366863932757e-02,4.050029834319526789e-02,3.951721195266272302e-01,1.201565957532821027e+00,6.768780758472048471e-03,9.971535681528564607e-03
1.320000000000000062e+00,-5.401029585799091426e-03,4.063536792899408168e-02,3.953710994082840213e-01,1.202480692504726889e+00,6.773933734418235639e-03,9.979126868973155207e-03
1.340000000000000080e+00,1.857596449704114472e-02,4.077043751479290240e-02,3.955700792899408125e-01,1.199217714285336411e+00,6.755552401251862203e-03,9.952048119330461975e-03
1.360000000000000098e+00,4.255295857988138086e-02,4.090550710059171619e-02,3.957690591715976036e-01,1.194596283285193516e+00,6.729518496883760137e-03,9.913695864235277239e-03
1.380000000000000115e+00,6.652995266272161701e-02,4.104057668639052997e-02,3.959680390532544503e-01,1.202553840063977697e+00,6.774345796518054831e-03,9.979733904726990554e-03
1.400000000000000133e+00,9.050694674556183927e-02,4.117564627218935069e-02,3.961670189349112414e-01,1.212064508528930551e+00,6.827922239244584371e-03,1.005866088277494741e-02
1.419999999999999929e+00,1.144839408284020754e-01,4.131071585798816448e-02,3.963659988165680326e-01,1.212793045473536058e+00,6.832026305959765927e-03,1.006470685311282309e-02
1.439999999999999947e+00,1.384609349112423116e-01,4.144578544378698520e-02,3.965649786982248237e-01,1.193652386844801461e+00,6.724201245655325905e-03,9.905862672077813194e-03
1.459999999999999964e+00,1.624379289940825477e-01,4.158085502958579899e-02,3.967639585798816704e-01,1.185810721179840765e+00,6.680026795360198208e-03,9.840786386842815398e-03
1.479999999999999982e+00,1.864149230769227839e-01,4.171592461538461277e-02,3.969629384615384615e-01,1.190911753822152974e+00,6.708762439359804673e-03,9.883118752108946067e-03
1.500000000000000000e+00,2.103919171597630200e-01,4.185099420118343350e-02,3.971619183431952527e-01,1.198261642933657889e+00,6.750166565103361827e-03,9.944113890221421836e-03
1.520000000000000018e+00,2.343689112426032561e-01,4.198606378698224728e-02,3.973608982248520438e-01,1.204252098253396630e+00,6.783912593316427687e-03,9.993827381682356126e-03
1.540000000000000036e+00,2.583459053254434923e-01,4.212113337278106800e-02,3.975598781065088905e-01,1.190512587246078668e+00,6.706513814535951593e-03,9.879806155134391102e-03
1.560000000000000053e+00,2.823228994082837007e-01,4.225620295857988179e-02,3.977588579881656816e-01,1.200199888198511422e+00,6.761085280943819435e-03,9.960198967945529253e-03
1.580000000000000071e+00,3.062998934911239646e-01,4.239127254437869557e-02,3.979578378698224728e-01,1.206997156356243384e+00,6.799376327413449855e-03,1.001660802443288083e-02
1.600000000000000089e+00,3.302768875739641730e-01,4.252634213017751630e-02,3.981568177514792639e-01,1.207929204198786133e+00,6.804626831942986107e-03,1.002434288764308956e-02
1.620000000000000107e+00,3.542538816568044369e-01,4.266141171597633008e-02,3.983557976331361106e-01,1.196414040419905067e+00,6.739758467016027620e-03,9.928781037059965578e-03
1.640000000000000124e+00,3.782308757396446453e-01,4.279648130177515081e-02,3.985547775147929017e-01,1.188326696427139728e+00,6.694200037150245530e-03,9.861665920584296655e-03
1.660000000000000142e+00,4.022078698224849092e-01,4.293155088757396459e-02,3.987537573964496929e-01,1.193391415346961582e+00,6.722731115079525789e-03,9.903696926130637485e-03
1.679999999999999938e+00,4.261848639053251175e-01,4.306662047337277838e-02,3.989527372781064840e-01,1.200244334187412720e+00,6.761335658505328652e-03,9.960567815582859960e-03
1.699999999999999956e+00,4.501618579881653814e-01,4.320169005917159910e-02,3.991517171597633307e-01,1.212589372122180320e+00,6.830878952996675794e-03,1.006301661207643222e-02
1.719999999999999973e+00,4.741388520710055898e-01,4.333675964497041289e-02,3.993506970414201218e-01,1.202107598081063156e+00,6.771831981834310760e-03,9.976030639144603876e-03
1.739999999999999991e+00,4.981158461538458537e-01,4.347182923076923361e-02,3.995496769230769130e-01,1.199002734454303720e+00,6.754341355503905471e-03,9.950264048266941122e-03
1.760000000000000009e+00,5.220928402366861176e-01,4.360689881656804739e-02,3.997486568047337041e-01,1.186130300507297175e+00,6.681827081386140441e-03,9.843438506476464428e-03
1.780000000000000027e+00,5.460698343195262705e-01,4.374196840236686118e-02,3.999476366863905508e-01,1.194341089256943045e+00,6.728080912523726718e-03,9.911578064257421314e-03
1.800000000000000044e+00,5.700468284023665344e-01,4.387703798816568190e-02,4.001466165680473419e-01,1.203719756454175283e+00,6.780913752591135636e-03,9.989409592368950208e-03
1.820000000000000062e+00,5.940238224852067983e-01,4.401210757396449569e-02,4.003455964497041331e-01,1.208852091306197085e+00,6.809825731309138500e-03,1.003200172789410656e-02
1.840000000000000080e+00,6.180008165680469512e-01,4.414717715976331641e-02,4.005445763313609242e-01,1.199639791606548433e+00,6.757930089161918834e-03,9.955550847617915602e-03
1.860000000000000098e+00,6.419778106508872151e-01,4.428224674556213020e-02,4.007435562130177154e-01,1.177466310240051106e+00,6.633020230422292246e-03,9.771537927442581345e-03
1.880000000000000115e+00,6.659548047337274790e-01,4.441731633136094398e-02,4.009425360946745620e-01,1.190423324662125859e+00,6.706010971677449535e-03,9.879065384279758430e-03
1.900000000000000133e+00,6.899317988165677429e-01,4.455238591715976471e-02,4.011415159763313532e-01,1.202815497091852759e+00,6.775819788889898485e-03,9.981905339739048644e-03
1.919999999999999929e+00,7.139087928994078958e-01,4.468745550295857849e-02,4.013404958579881443e-01,1.210981637370483366e+00,6.821822101823657968e-03,1.004967436952749517e-02
1.939999999999999947e+00,7.378857869822481597e-01,4.482252508875739921e-02,4.015394757396449354e-01,1.212910426022099086e+00,6.832687545730638246e-03,1.006568096886658811e-02
1.959999999999999964e+00,7.618627810650884236e-01,4.495759467455621300e-02,4.017384556213017821e-01,1.197676376706114709e+00,6.746869585229063083e-03,9.939256892538685800e-03
1.979999999999999982e+00,7.858397751479286875e-01,4.509266426035502678e-02,4.019374355029585733e-01,1.202079994102348559e+00,6.771676480358190635e-03,9.975801559702760987e-03
2.000000000000000000e+00,8.098167692307688403e-01,4.522773384615384751e-02,4.021364153846153644e-01,1.201583824624312236e+00,6.768881409147439049e-03,9.971683956651461456e-03
2.020000000000000018e+00,8.337937633136091042e-01,4.536280343195266129e-02,4.023353952662721555e-01,1.198378829568292669e+00,6.750826712499051648e-03,9.945086396725562675e-03
2.040000000000000036e+00,8.577707573964493681e-01,4.549787301775148202e-02,4.025343751479290022e-01,1.192026085534272362e+00,6.715039803498029300e-03,9.892366349678358844e-03
2.060000000000000053e+00,8.817477514792896320e-01,4.563294260355029580e-02,4.027333550295857933e-01,1.192648069944264755e+00,6.718543627886547874e-03,9.897528063605085663e-03
2.080000000000000071e+00,9.057247455621297849e-01,4.576801218934910959e-02,4.029323349112425845e-01,1.196143176288150700e+00,6.738232608271672863e-03,9.926533194284747549e-03
2.100000000000000089e+00,9.297017396449700488e-01,4.590308177514793031e-02,4.031313147928993756e-01,1.194147957443421948e+00,6.726992943199312271e-03,9.909975305160113879e-03
2.120000000000000107e+00,9.536787337278103127e-01,4.603815136094674410e-02,4.033302946745562223e-01,1.203576388273910780e+00,6.780106116710810440e-03,9.988219810887691633e-03
2.140000000000000124e+00,9.776557278106504656e-01,4.617322094674556482e-02,4.035292745562130134e-01,1.193096365473225173e+00,6.721069010809955883e-03,9.901248371121867259e-03
2.160000000000000142e+00,1.001632721893490841e+00,4.630829053254437860e-02,4.037282544378698046e-01,1.198266614150814258e+00,6.750194569457825672e-03,9.944155145275784119e-03
2.180000000000000160e+00,1.025609715976330882e+00,4.644336011834319239e-02,4.039272343195265957e-01,1.202205584764894475e+00,6.772383970159124786e-03,9.976843809415420969e-03
2.200000000000000178e+00,1.049586710059171146e+00,4.657842970414201311e-02,4.041262142011834424e-01,1.198577063294816059e+00,6.751943422426950024e-03,9.946731495494395836e-03
2.220000000000000195e+00,1.073563704142011410e+00,4.671349928994082690e-02,4.043251940828402335e-01,1.206157903184786440e+00,6.794648563046623568e-03,1.000964324410423718e-02
2.240000000000000213e+00,1.097540698224851674e+00,4.684856887573964762e-02,4.045241739644970247e-01,1.205322310936838281e+00,6.789941421757824704e-03,1.000270884498637505e-02
2.260000000000000231e+00,1.121517692307691938e+00,4.698363846153846141e-02,4.047231538461538158e-01,1.195090454486917197e+00,6.732302311205926384e-03,9.917796884024823387e-03
2.280000000000000249e+00,1.145494686390532202e+00,4.711870804733727519e-02,4.049221337278106625e-01,1.195650116154843623e+00,6.735455052930476409e-03,9.922441395011352347e-03
2.300000000000000266e+00,1.169471680473372466e+00,4.725377763313609591e-02,4.051211136094674536e-01,1.193798554884958563e+00,6.725024653984754824e-03,9.907075688990622797e-03
2.319999999999999840e+00,1.193448674556212730e+00,4.738884721893490970e-02,4.053200934911242448e-01,1.200034979699083681e+00,6.760156301996983648e-03,9.958830428020421302e-03
2.339999999999999858e+00,1.217425668639052772e+00,4.752391680473373042e-02,4.055190733727810359e-01,1.204445579307658054e+00,6.785002530018518704e-03,9.995433039053144147e-03
2.359999999999999876e+00,1.241402662721893035e+00,4.765898639053254421e-02,4.057180532544378826e-01,1.196340683588926979e+00,6.739345226025851565e-03,9.928172264604960204e-03
2.379999999999999893e+00,1.265379656804733299e+00,4.779405597633135799e-02,4.059170331360946737e-01,1.194715852000101108e+00,6.730192063250734803e-03,9.914688139107339857e-03
2.399999999999999911e+00,1.289356650887573563e+00,4.792912556213017872e-02,4.061160130177514649e-01,1.203323468779907479e+00,6.778681345483089996e-03,9.986120886776361782e-03
2.419999999999999929e+00,1.313333644970413827e+00,4.806419514792899250e-02,4.063149928994082560e-01,1.206527292975746679e+00,6.796729446325466654e-03,1.001270872998810853e-02
2.439999999999999947e+00,1.337310639053254091e+00,4.819926473372781323e-02,4.065139727810651027e-01,1.205729330827436829e+00,6.792234286653524994e-03,1.000608661491770093e-02
2.459999999999999964e+00,1.361287633136094355e+00,4.833433431952662701e-02,4.067129526627218938e-01,1.200003734049666315e+00,6.759980285899633463e-03,9.958571127141052290e-03
2.479999999999999982e+00,1.385264627218934397e+00,4.846940390532544080e-02,4.069119325443786850e-01,1.196808693172656701e+00,6.741981664121645887e-03,9.932056174791877023e-03
2.500000000000000000e+00,1.409241621301774661e+00,4.860447349112426152e-02,4.071109124260354761e-01,1.206185093289502186e+00,6.794801733046583990e-03,1.000986888889483090e-02
2.520000000000000018e+00,1.433218615384614925e+00,4.873954307692307530e-02,4.073098923076923228e-01,1.196076848638065737e+00,6.737858964761887781e-03,9.925982755480686551e-03
2.540000000000000036e+00,1.457195609467455188e+00,4.887461266272189603e-02,4.075088721893491139e-01,1.199325938490440890e+00,6.756162060598940380e-03,9.952946248572357851e-03
2.560000000000000053e+00,1.481172603550295452e+00,4.900968224852070981e-02,4.077078520710059051e-01,1.193457082072607811e+00,6.723101035404108021e-03,9.904241880066512113e-03
2.580000000000000071e+00,1.505149597633135716e+00,4.914475183431952360e-02,4.079068319526626962e-01,1.193105002975386242e+00,6.721117668445460852e-03,9.901320051882725459e-03
2.600000000000000089e+00,1.529126591715975980e+00,4.927982142011834432e-02,4.081058118343195429e-01,1.205178668150274968e+00,6.789132238938064452e-03,1.000151678460754756e-02
2.620000000000000107e+00,1.553103585798816244e+00,4.941489100591715811e-02,4.083047917159763340e-01,1.197216449228533541e+00,6.744278676056729080e-03,9.935440053999948853e-03
2.640000000000000124e+00,1.577080579881656286e+00,4.954996059171597883e-02,4.085037715976331252e-01,1.165049748210337910e+00,6.563074019291458526e-03,9.668495567973573596e-03
2.660000000000000142e+00,1.601057573964496550e+00,4.968503017751479262e-02,4.087027514792899163e-01,1.173536512035344925e+00,6.610882500648895821e-03,9.738925383142879241e-03
2.680000000000000160e+00,1.621038402366863584e+00,4.979758816568047308e-02,4.088685680473372885e-01,1.193823472951764719e+00,6.725165024914916446e-03,9.907282478630895228e-03
