0.000000000000000000e+00,7.678120000000000500e-01,-1.151480000000000082e-03,-3.148520000000000138e-04,-6.406739999999999657e-01,-1.171789999999999984e-02,-3.195790000000000002e-03,6.391589999999999945e-03,8.379709999999999936e-02,-9.337389999999999579e-02,9.494210000000000704e+00
2.000000000000000042e-02,7.678319999999999590e-01,-1.157070000000000060e-03,-3.235269999999999943e-04,-6.406500000000000528e-01,-1.384840000000000029e-02,-7.456850000000000110e-03,1.065259999999999948e-03,5.506660000000000027e-02,-7.541739999999999555e-02,9.539699999999999847e+00
4.000000000000000083e-02,7.677850000000000508e-01,-1.171390000000000018e-03,-3.241610000000000021e-04,-6.407059999999999977e-01,-1.278319999999999977e-02,4.261059999999999674e-03,-2.024000000000000105e-02,1.053449999999999942e-01,-2.753330000000000014e-02,9.618710000000000093e+00
5.999999999999999778e-02,7.677129999999999788e-01,-1.186519999999999936e-03,-3.324830000000000081e-04,-6.407920000000000282e-01,2.237060000000000090e-02,-1.097220000000000001e-01,-2.556630000000000014e-02,2.047039999999999971e-01,2.681509999999999727e-01,1.073799999999999955e+01
8.000000000000000167e-02,7.678920000000000190e-01,-1.732510000000000040e-03,-1.593919999999999972e-03,-6.405750000000000055e-01,4.261059999999999848e-02,-7.137269999999999726e-02,4.261059999999999848e-02,1.623269999999999991e+00,2.334350000000000036e-01,1.002570000000000050e+01
1.000000000000000056e-01,7.683640000000000470e-01,-1.385460000000000034e-03,-1.418339999999999922e-03,-6.400090000000000501e-01,-6.178530000000000133e-02,1.257010000000000072e-01,7.456849999999999590e-02,1.406590000000000007e+00,7.841010000000000479e-01,1.117009999999999970e+01
1.199999999999999956e-01,7.688850000000000406e-01,-1.440459999999999961e-03,-2.494539999999999735e-04,-6.393860000000000099e-01,-1.491370000000000022e-02,-4.048000000000000209e-02,6.817689999999999861e-02,1.079779999999999962e+00,3.543419999999999903e-01,8.924390000000000711e+00
1.400000000000000133e-01,7.694090000000000096e-01,-1.394019999999999938e-03,-1.358889999999999968e-03,-6.387540000000000440e-01,1.267659999999999898e-01,1.065259999999999948e-03,6.817689999999999861e-02,2.461240000000000094e+00,-2.250550000000000050e-01,9.006990000000000052e+00
1.600000000000000033e-01,7.699359999999999538e-01,2.447899999999999924e-04,-1.437640000000000012e-03,-6.381189999999999918e-01,8.628639999999999921e-02,1.502020000000000022e-01,5.858950000000000269e-02,2.398989999999999956e+00,1.200690000000000035e+00,1.073559999999999981e+01
1.799999999999999933e-01,7.703400000000000247e-01,1.680709999999999973e-03,-4.653409999999999751e-04,-6.376309999999999478e-01,1.384840000000000029e-02,2.822950000000000181e-01,3.195789999999999742e-02,3.764879999999999782e+00,2.932899999999999952e-01,7.679400000000000226e+00
2.000000000000000111e-01,7.703290000000000415e-01,3.804679999999999954e-03,2.174259999999999908e-03,-6.376309999999999478e-01,-9.267799999999999649e-02,4.772379999999999955e-01,-4.367580000000000073e-02,3.703829999999999956e+00,1.248580000000000023e+00,8.139089999999999492e+00
2.200000000000000011e-01,7.701099999999999612e-01,3.770159999999999831e-03,7.286390000000000228e-03,-6.378580000000000361e-01,-4.697819999999999774e-01,3.994739999999999958e-01,-3.834950000000000164e-02,3.129220000000000113e+00,7.948749999999999982e-01,9.361330000000000595e+00
2.399999999999999911e-01,7.699489999999999945e-01,3.454309999999999933e-03,1.091920000000000043e-02,-6.380029999999999868e-01,2.237060000000000090e-02,1.917480000000000018e-01,-4.474109999999999893e-02,1.592140000000000111e+00,-1.914160000000000084e+00,8.723269999999999413e+00
2.600000000000000089e-01,7.693130000000000246e-01,6.951970000000000025e-03,9.018399999999999334e-03,-6.387699999999999489e-01,5.358279999999999710e-01,-3.621900000000000119e-02,-1.661809999999999954e-01,2.079359999999999875e+00,-6.452369999999999495e-01,1.023520000000000074e+01
2.800000000000000266e-01,7.685729999999999507e-01,9.891459999999999489e-03,5.719550000000000328e-03,-6.396589999999999776e-01,4.165179999999999993e-01,-3.195789999999999742e-02,-9.161270000000000524e-02,2.821569999999999911e+00,-1.884239999999999915e+00,9.719260000000000232e+00
2.999999999999999889e-01,7.680700000000000305e-01,1.100429999999999985e-02,2.951469999999999875e-03,-6.402649999999999730e-01,2.311620000000000064e-01,-9.054750000000000298e-02,-6.285060000000000646e-02,2.773680000000000145e+00,-1.003169999999999895e+00,1.046030000000000015e+01
3.200000000000000067e-01,7.677279999999999660e-01,9.885480000000000309e-03,2.398560000000000102e-03,-6.406950000000000145e-01,-3.067960000000000131e-01,-7.456849999999999590e-02,-4.580639999999999712e-02,2.670729999999999826e+00,7.146689999999999987e-01,9.767150000000000887e+00
3.400000000000000244e-01,7.675520000000000120e-01,6.318619999999999619e-03,3.617749999999999872e-03,-6.409460000000000157e-01,-3.941479999999999984e-01,-6.604640000000000510e-02,-2.876209999999999878e-02,2.728190000000000115e+00,5.147530000000000161e-02,9.233240000000000336e+00
3.599999999999999867e-01,7.672999999999999821e-01,4.009559999999999687e-03,4.073750000000000114e-03,-6.412630000000000274e-01,-9.267799999999999649e-02,-5.858950000000000269e-02,-5.006739999999999802e-02,2.286459999999999937e+00,1.101329999999999948e-01,9.487019999999999342e+00
3.800000000000000044e-01,7.670860000000000456e-01,4.084520000000000338e-03,2.214380000000000168e-03,-6.415269999999999584e-01,2.961429999999999896e-01,-1.342230000000000090e-01,-2.130529999999999924e-02,1.521519999999999984e+00,-1.321600000000000108e+00,8.898049999999999571e+00
4.000000000000000222e-01,7.670690000000000008e-01,4.460640000000000091e-03,-1.047640000000000073e-03,-6.415480000000000071e-01,1.267659999999999898e-01,-2.854909999999999948e-01,9.587379999999999514e-03,7.050920000000000520e-01,2.537849999999999828e-01,9.783910000000000551e+00
4.199999999999999845e-01,7.670940000000000536e-01,3.196730000000000058e-03,-4.318490000000000349e-03,-6.415119999999999711e-01,1.810950000000000060e-01,-4.271710000000000229e-01,-6.391589999999999945e-03,-3.519479999999999831e-01,-2.896980000000000111e-01,9.193730000000000402e+00
4.400000000000000022e-01,7.670989999999999753e-01,2.154329999999999874e-03,-1.003489999999999938e-02,-6.414469999999999894e-01,3.163839999999999986e-01,-5.230449999999999822e-01,2.450110000000000135e-02,-1.392230000000000079e+00,-4.213799999999999768e-01,9.002200000000000202e+00
4.600000000000000200e-01,7.667230000000000434e-01,1.754719999999999978e-03,-1.757629999999999956e-02,-6.417350000000000554e-01,3.494070000000000231e-01,-8.596679999999999877e-01,-9.800430000000000252e-02,-1.890220000000000011e+00,-5.353439999999999976e+00,5.006280000000000285e+00
4.799999999999999822e-01,7.660339999999999927e-01,-2.792730000000000212e-04,-2.399640000000000106e-02,-6.423520000000000341e-01,1.725730000000000042e-01,-7.989479999999999915e-01,-1.438109999999999944e-01,-1.801639999999999908e+00,-5.961560000000000192e-01,5.412090000000000067e+00
5.000000000000000000e-01,7.650329999999999631e-01,-1.755030000000000088e-03,-3.143329999999999735e-02,-6.432219999999999605e-01,5.890910000000000313e-01,-7.531419999999999781e-01,-3.035999999999999810e-01,-3.201049999999999951e+00,-6.943179999999999907e-01,4.848259999999999792e-01
5.200000000000000178e-01,7.637950000000000017e-01,1.247080000000000020e-03,-2.681400000000000103e-02,-6.449000000000000288e-01,-2.098569999999999880e-01,9.725859999999999506e-01,-1.448760000000000048e-01,5.831080000000000041e+00,2.711430000000000007e+00,7.914030000000000342e+00
5.400000000000000355e-01,7.629829999999999668e-01,8.814080000000000178e-03,-1.675099999999999853e-02,-6.461409999999999654e-01,-4.314319999999999822e-01,1.453019999999999978e+00,-1.161139999999999950e-01,5.143939999999999735e+00,3.679889999999999883e+00,4.204220000000000290e+00
5.600000000000000533e-01,7.632600000000000495e-01,1.525849999999999949e-02,1.081549999999999916e-03,-6.459110000000000129e-01,-9.928259999999999863e-01,2.082590000000000163e+00,5.326319999999999666e-02,3.840300000000000047e+00,-5.938819999999999766e+00,2.044889999999999830e+01
5.799999999999999600e-01,7.651860000000000328e-01,1.635529999999999970e-02,2.395529999999999882e-02,-6.431559999999999500e-01,-7.542069999999999608e-01,1.607480000000000020e+00,5.326319999999999943e-01,2.250550000000000050e-01,-5.786789999999999878e+00,1.428139999999999965e+01
5.999999999999999778e-01,7.665020000000000167e-01,2.685449999999999990e-02,2.872059999999999891e-02,-6.410369999999999679e-01,4.580640000000000267e-01,6.764430000000000165e-01,8.841690000000000660e-02,-3.304000000000000270e-01,-9.085999999999999632e-01,1.976050000000000040e+01
6.199999999999999956e-01,7.666180000000000216e-01,3.045689999999999856e-02,3.147029999999999966e-02,-6.406079999999999552e-01,-2.801649999999999974e-01,2.908169999999999922e-01,-4.367580000000000073e-02,1.315609999999999946e+00,2.126050000000000217e+00,1.709459999999999980e+01
6.400000000000000133e-01,7.662790000000000434e-01,2.929270000000000138e-02,3.549009999999999665e-02,-6.408580000000000387e-01,-3.771039999999999948e-01,2.450110000000000066e-01,-5.539369999999999711e-02,2.715019999999999989e+00,-4.788399999999999879e-01,1.314419999999999966e+01
6.600000000000000311e-01,7.663539999999999797e-01,2.943619999999999917e-02,3.737170000000000075e-02,-6.406549999999999745e-01,5.006739999999999802e-02,6.391589999999999772e-02,4.261059999999999848e-02,1.559819999999999984e+00,-1.954870000000000108e+00,1.214579999999999949e+01
6.800000000000000488e-01,7.668009999999999549e-01,2.922440000000000107e-02,3.555380000000000346e-02,-6.402330000000000521e-01,2.013349999999999862e-01,-4.037350000000000105e-01,5.645900000000000224e-02,-7.505819999999999714e-01,-2.159569999999999990e+00,8.570040000000000546e+00
7.000000000000000666e-01,7.674889999999999768e-01,2.542509999999999909e-02,2.979909999999999851e-02,-6.398650000000000171e-01,3.728429999999999939e-02,-9.416940000000000310e-01,5.219800000000000134e-02,-4.800369999999999915e-01,6.871359999999999690e-01,1.010590000000000011e+01
7.199999999999999734e-01,7.677199999999999580e-01,1.867119999999999891e-02,2.223069999999999907e-02,-6.401280000000000303e-01,-2.769690000000000207e-01,-9.608680000000000554e-01,-5.645900000000000224e-02,-6.272809999999999775e-01,9.923969999999999736e-01,5.383359999999999701e+00
7.399999999999999911e-01,7.676159999999999650e-01,1.061899999999999997e-02,1.846789999999999890e-02,-6.405560000000000143e-01,-2.631200000000000205e-01,-7.488810000000000189e-01,-8.841690000000000660e-02,1.448490000000000055e-01,1.100139999999999896e+00,9.255979999999999208e+00
7.600000000000000089e-01,7.674090000000000078e-01,4.081259999999999749e-03,1.429169999999999920e-02,-6.409850000000000270e-01,1.182440000000000019e-01,-7.691210000000000546e-01,-4.261059999999999848e-02,2.968810000000000060e-01,9.971849999999999881e-01,4.556169999999999831e+00
7.800000000000000266e-01,7.672160000000000091e-01,-1.530029999999999932e-03,8.020660000000000636e-03,-6.413360000000000172e-01,-1.033310000000000062e-01,-1.075919999999999987e+00,-2.769689999999999999e-02,4.824320000000000275e-01,4.204220000000000290e+00,3.786430000000000184e+00
8.000000000000000444e-01,7.678460000000000285e-01,-8.462890000000000690e-03,6.044360000000000357e-03,-6.405499999999999527e-01,-6.892260000000000053e-01,-5.294360000000000177e-01,1.651160000000000128e-01,1.692700000000000093e+00,1.000780000000000003e+00,-3.160350000000000104e-01
8.200000000000000622e-01,7.687070000000000292e-01,-1.163959999999999995e-02,7.501650000000000332e-03,-6.394509999999999916e-01,4.868259999999999810e-01,2.727080000000000060e-01,3.099919999999999898e-01,3.410540000000000127e+00,-1.445139999999999958e+01,1.852390000000000114e+01
8.399999999999999689e-01,7.715969999999999773e-01,5.721890000000000309e-03,9.115380000000000401e-04,-6.360860000000000403e-01,2.846389999999999976e+00,-2.023999999999999966e-01,4.974779999999999758e-01,-2.282869999999999955e+00,-7.272389999999999688e+00,1.256359999999999921e+01
8.599999999999999867e-01,7.746330000000000160e-01,2.625550000000000106e-02,-1.974110000000000101e-02,-6.315570000000000350e-01,2.337190000000000101e+00,-3.078609999999999958e-01,4.633900000000000241e-01,6.332659999999999956e-01,-4.669889999999999652e+00,5.826290000000000191e+00
8.800000000000000044e-01,7.764229999999999743e-01,3.198829999999999729e-02,-2.274740000000000095e-02,-6.289890000000000203e-01,-4.016049999999999898e-01,1.544629999999999892e-01,1.768339999999999912e-01,1.144430000000000058e+00,-2.937689999999999912e+00,1.964199999999999946e+01
9.000000000000000222e-01,7.769239999999999480e-01,2.480759999999999910e-02,-1.244520000000000001e-02,-6.289820000000000411e-01,-1.719340000000000090e+00,6.093309999999999560e-01,-4.261059999999999848e-02,3.768470000000000208e+00,4.153939999999999855e-01,1.244510000000000005e+01
9.200000000000000400e-01,7.765980000000000105e-01,1.825260000000000077e-02,2.014530000000000053e-03,-6.297289999999999832e-01,-1.236769999999999925e+00,9.022790000000000532e-01,-9.800430000000000252e-02,2.823960000000000026e+00,-4.175489999999999924e+00,1.013470000000000049e+01
9.400000000000000577e-01,7.760519999999999641e-01,1.209720000000000066e-02,1.618870000000000031e-02,-6.303450000000000442e-01,-1.924930000000000030e+00,3.376890000000000169e-01,-1.310280000000000056e-01,-5.287589999999999790e+00,3.458419999999999828e+00,1.018249999999999922e+01
9.599999999999999645e-01,7.766769999999999508e-01,2.534279999999999866e-03,2.456260000000000041e-02,-6.294140000000000290e-01,-3.259710000000000107e-01,-1.235710000000000003e-01,4.048000000000000209e-02,-2.643200000000000216e+00,-5.318719999999999892e+00,1.065540000000000020e+01
9.799999999999999822e-01,7.766690000000000538e-01,6.487500000000000211e-03,1.897949999999999984e-02,-6.295889999999999542e-01,1.228250000000000064e+00,-2.269009999999999916e-01,-2.769689999999999999e-02,-1.313220000000000054e+00,-4.297590000000000021e-01,8.370129999999999626e+00
1.000000000000000000e+00,7.762780000000000236e-01,1.536779999999999917e-02,9.370420000000000832e-03,-6.301339999999999719e-01,1.380579999999999918e+00,-1.001350000000000018e-01,-1.235710000000000003e-01,-2.868250000000000188e+00,5.578490000000000393e-01,7.382520000000000415e+00
1.020000000000000018e+00,7.754649999999999599e-01,2.002019999999999841e-02,4.106610000000000121e-03,-6.310590000000000366e-01,1.832249999999999990e-01,-4.580639999999999712e-02,-1.651160000000000128e-01,-1.958460000000000090e+00,3.318360000000000198e+00,1.273830000000000062e+01
1.040000000000000036e+00,7.742099999999999538e-01,1.549309999999999923e-02,6.463599999999999901e-03,-6.327059999999999906e-01,-1.082310000000000105e+00,-2.876210000000000155e-01,-2.375539999999999874e-01,-2.926909999999999901e+00,2.663549999999999862e+00,9.375690000000000524e+00
1.060000000000000053e+00,7.732959999999999834e-01,7.320150000000000094e-03,1.181459999999999975e-02,-6.338930000000000398e-01,-6.924219999999999819e-01,-2.013349999999999862e-01,-7.030740000000000600e-02,-3.660730000000000040e+00,-2.169150000000000134e+00,4.025850000000000151e+00
1.080000000000000071e+00,7.726389999999999647e-01,5.033000000000000147e-03,7.102579999999999831e-03,-6.347859999999999614e-01,2.620549999999999824e-01,-6.359629999999999450e-01,-9.693899999999999739e-02,-7.733269999999999866e-01,1.769320000000000004e+00,6.974310000000000009e+00
1.100000000000000089e+00,7.726509999999999767e-01,6.986419999999999425e-05,2.466729999999999878e-03,-6.348270000000000302e-01,-6.775079999999999991e-01,-6.902909999999999879e-01,6.604640000000000510e-02,-5.734110000000000040e-01,3.702630000000000088e+00,3.410540000000000127e+00
1.120000000000000107e+00,7.731149999999999967e-01,-9.825739999999999474e-03,4.221289999999999938e-03,-6.341750000000000442e-01,-9.693910000000000027e-01,-3.259710000000000107e-01,2.769689999999999999e-02,4.405330000000000079e-01,1.768119999999999914e+00,1.334770000000000012e+00
1.140000000000000124e+00,7.737690000000000401e-01,-1.018619999999999942e-02,6.625640000000000349e-03,-6.333520000000000261e-01,1.180309999999999970e+00,7.329020000000000534e-01,1.672460000000000058e-01,2.492360000000000131e+00,-1.918590000000000018e+01,1.091159999999999997e+01
1.159999999999999920e+00,7.750479999999999592e-01,5.656940000000000059e-03,6.945139999999999821e-03,-6.318390000000000395e-01,2.652509999999999923e+00,3.046659999999999924e-01,3.760379999999999834e-01,-9.548080000000000567e+00,-1.773740000000000094e+01,1.093309999999999960e+01
1.179999999999999938e+00,7.763430000000000053e-01,2.368980000000000044e-02,-1.148760000000000059e-02,-6.297599999999999865e-01,1.113199999999999967e+00,-1.821599999999999886e-01,9.374330000000000163e-02,-1.067809999999999926e+00,6.768410000000000259e+00,1.524150000000000027e+01
1.199999999999999956e+00,7.776920000000000499e-01,2.179920000000000121e-02,-5.841970000000000149e-03,-6.282400000000000206e-01,-1.190970000000000084e+00,2.247709999999999986e-01,9.161270000000000524e-02,-1.675939999999999930e-01,2.987960000000000171e+00,1.742259999999999920e+01
1.219999999999999973e+00,7.782780000000000253e-01,1.469769999999999931e-02,4.276789999999999932e-03,-6.277329999999999854e-01,-8.074700000000000211e-01,5.795040000000000191e-01,3.941479999999999984e-02,3.897759999999999891e+00,-2.968809999999999949e+00,1.257910000000000039e+01
1.239999999999999991e+00,7.778810000000000446e-01,1.686110000000000039e-02,1.018280000000000053e-02,-6.281029999999999669e-01,3.440799999999999970e-01,7.190530000000000532e-01,-9.267799999999999649e-02,2.092530000000000001e+00,-5.197809999999999597e+00,1.059789999999999921e+01
1.260000000000000009e+00,7.775450000000000417e-01,1.522710000000000036e-02,1.700039999999999885e-02,-6.284129999999999994e-01,-1.509479999999999933e+00,1.129180000000000045e-01,3.089269999999999863e-02,-6.556519999999999904e+00,1.094149999999999956e+00,1.192789999999999928e+01
1.280000000000000027e+00,7.780209999999999626e-01,7.406740000000000199e-03,2.216330000000000036e-02,-6.278040000000000287e-01,-3.557980000000000032e-01,-2.577940000000000231e-01,-2.024000000000000105e-02,-3.422509999999999941e+00,-2.795230000000000103e+00,1.281020000000000003e+01
1.300000000000000044e+00,7.780759999999999899e-01,8.166750000000000398e-03,1.780999999999999944e-02,-6.278650000000000064e-01,9.800429999999999975e-01,-2.908169999999999922e-01,1.917479999999999879e-02,3.064580000000000082e-01,-3.390190000000000037e+00,1.079780000000000051e+01
1.320000000000000062e+00,7.778209999999999846e-01,1.460879999999999991e-02,8.811460000000000126e-03,-6.282539999999999791e-01,1.095089999999999897e+00,-2.482070000000000110e-01,-5.326319999999999666e-02,-2.366670000000000051e+00,-1.389829999999999899e+00,8.851359999999999673e+00
1.340000000000000080e+00,7.771350000000000202e-01,1.920610000000000026e-02,2.352340000000000073e-03,-6.290360000000000396e-01,5.155880000000000463e-01,-1.491369999999999918e-01,-1.193099999999999994e-01,-2.379840000000000177e+00,3.368640000000000079e+00,1.195899999999999963e+01
1.360000000000000098e+00,7.760479999999999601e-01,1.648749999999999868e-02,3.199669999999999945e-03,-6.304499999999999549e-01,-9.704559999999999853e-01,-6.391589999999999772e-02,-1.629849999999999910e-01,-2.433710000000000040e+00,4.666299999999999670e+00,1.185970000000000013e+01
1.380000000000000115e+00,7.752689999999999859e-01,1.122689999999999973e-02,6.131010000000000106e-03,-6.315020000000000078e-01,-5.209139999999999882e-01,-3.014700000000000157e-01,-9.480850000000000388e-02,-2.528280000000000083e+00,1.710660000000000069e+00,7.353790000000000049e+00
1.400000000000000133e+00,7.745880000000000543e-01,8.372740000000000044e-03,2.796129999999999970e-03,-6.324049999999999949e-01,1.512680000000000136e-01,-6.210489999999999622e-01,-6.711159999999999348e-02,-2.154780000000000029e-01,1.769320000000000004e+00,5.433639999999999581e+00
1.419999999999999929e+00,7.745880000000000543e-01,1.722009999999999947e-03,2.997629999999999826e-04,-6.324640000000000262e-01,-6.423539999999999806e-01,-7.542069999999999608e-01,4.367580000000000073e-02,6.260839999999999739e-01,5.492300000000000182e+00,6.078879999999999839e+00
1.439999999999999947e+00,7.750869999999999704e-01,-5.809019999999999809e-03,5.137369999999999909e-05,-6.318279999999999452e-01,-5.571329999999999893e-01,-5.486109999999999598e-01,5.539369999999999711e-02,-1.410179999999999989e+00,1.027109999999999967e+00,-3.804390000000000160e+00
1.459999999999999964e+00,7.757960000000000411e-01,-5.894479999999999685e-03,3.308070000000000194e-04,-6.309559999999999613e-01,1.138770000000000060e+00,5.603289999999999660e-01,1.352889999999999926e-01,3.408150000000000013e+00,-1.642060000000000031e+01,3.994730000000000114e+00
1.479999999999999982e+00,7.771829999999999572e-01,7.413359999999999915e-03,-5.500939999999999953e-04,-6.292309999999999848e-01,2.403239999999999821e+00,-1.523329999999999962e-01,3.419499999999999762e-01,-1.242950000000000088e+01,-1.205119999999999969e+01,1.135810000000000031e+01
1.500000000000000000e+00,7.781799999999999828e-01,2.111719999999999917e-02,-1.509120000000000079e-02,-6.275049999999999795e-01,7.936220000000000496e-01,-1.267659999999999898e-01,1.246359999999999968e-01,-3.531449999999999867e-01,5.995079999999999742e+00,1.169570000000000043e+01
1.520000000000000018e+00,7.797100000000000142e-01,1.844240000000000115e-02,-7.869640000000000662e-03,-6.258200000000000429e-01,-1.279379999999999962e+00,5.209139999999999882e-01,1.906819999999999904e-01,1.456870000000000109e+00,2.251749999999999918e+00,1.537320000000000064e+01
1.540000000000000036e+00,7.801420000000000021e-01,1.355780000000000006e-02,2.006019999999999852e-03,-6.254520000000000080e-01,-6.828340000000000520e-01,6.689859999999999696e-01,-3.408850000000000074e-02,4.853049999999999642e+00,-3.939659999999999940e+00,9.762359999999999260e+00
1.560000000000000053e+00,7.793539999999999912e-01,1.649470000000000103e-02,7.218269999999999721e-03,-6.263260000000000494e-01,2.290320000000000134e-01,6.380930000000000213e-01,-1.363540000000000030e-01,2.024300000000000210e+00,-4.390970000000000262e+00,8.317460000000000520e+00
1.580000000000000071e+00,7.790249999999999675e-01,1.174470000000000028e-02,1.477879999999999992e-02,-6.267080000000000428e-01,-1.484979999999999967e+00,-6.604640000000000510e-02,5.006739999999999802e-02,-1.635240000000000027e+00,2.791640000000000121e+00,1.162500000000000000e+01
1.600000000000000089e+00,7.791860000000000452e-01,4.317230000000000026e-03,1.802139999999999992e-02,-6.265180000000000193e-01,-6.285060000000000646e-02,-3.621900000000000119e-01,-5.752430000000000043e-02,-8.200140000000000207e-01,-5.378569999999999851e+00,9.763550000000000395e+00
1.620000000000000107e+00,7.789709999999999690e-01,5.929099999999999648e-03,1.160470000000000078e-02,-6.269249999999999545e-01,1.101480000000000015e+00,-2.822950000000000181e-01,-4.154530000000000028e-02,-9.002200000000000202e-01,-3.866640000000000077e-01,8.099579999999999558e+00
1.640000000000000124e+00,7.785450000000000426e-01,1.316329999999999931e-02,1.954350000000000098e-03,-6.274480000000000057e-01,9.768470000000000208e-01,-3.217099999999999960e-01,-7.456849999999999590e-02,-1.088160000000000016e+00,6.416460000000000496e-01,1.192309999999999981e+01
1.660000000000000142e+00,7.777209999999999956e-01,1.501800000000000010e-02,-2.061610000000000179e-03,-6.284269999999999579e-01,-2.343579999999999969e-02,-1.438109999999999944e-01,-1.427450000000000108e-01,-1.313220000000000054e+00,3.872619999999999951e+00,9.999380000000000379e+00
1.679999999999999938e+00,7.767140000000000155e-01,1.120980000000000067e-02,1.050860000000000032e-03,-6.297519999999999785e-01,-6.572679999999999634e-01,-1.438109999999999944e-01,-2.609899999999999998e-01,-1.006760000000000099e+00,1.984790000000000054e+00,1.139400000000000013e+01
1.699999999999999956e+00,7.758289999999999909e-01,8.306910000000000682e-03,2.956240000000000170e-03,-6.308810000000000251e-01,2.034650000000000070e-01,-3.579289999999999972e-01,-9.480850000000000388e-02,-1.478420000000000067e+00,-3.770870000000000055e-01,6.180629999999999846e+00
1.719999999999999973e+00,7.752470000000000194e-01,7.759450000000000201e-03,-3.434270000000000118e-03,-6.316019999999999968e-01,2.066610000000000114e-01,-8.426240000000000396e-01,-1.022649999999999948e-01,7.015010000000000412e-01,4.583700000000000330e+00,5.625180000000000291e+00
1.739999999999999991e+00,7.755360000000000031e-01,1.193819999999999951e-03,-4.928609999999999935e-03,-6.312830000000000386e-01,-1.063129999999999908e+00,-2.833600000000000008e-01,8.202529999999999544e-02,4.046199999999999797e-01,4.578909999999999592e+00,2.870649999999999924e+00
1.760000000000000009e+00,7.757039999999999491e-01,-6.224060000000000009e-03,-9.041659999999999758e-04,-6.310649999999999871e-01,-1.095089999999999897e+00,-2.066610000000000114e-01,-2.769689999999999999e-02,3.213020000000000209e+00,4.116830000000000211e+00,-4.520249999999999879e+00
1.780000000000000027e+00,7.761099999999999666e-01,-2.713259999999999891e-03,5.713270000000000327e-03,-6.305659999999999599e-01,4.367579999999999796e-01,1.459410000000000096e+00,9.587379999999999514e-03,6.192599999999999660e+00,-4.357449999999999934e-01,7.626730000000000231e+00
1.800000000000000044e+00,7.779859999999999554e-01,1.810720000000000038e-02,-5.351350000000000377e-03,-6.279979999999999452e-01,2.291380000000000194e+00,-2.556630000000000014e-02,1.470059999999999978e-01,3.521869999999999834e+00,2.732979999999999965e+00,9.469070000000000320e+00
1.820000000000000062e+00,7.784299999999999553e-01,2.781290000000000151e-02,-7.844739999999999353e-03,-6.270660000000000123e-01,-7.137269999999999726e-02,4.356929999999999970e-01,3.408850000000000074e-02,1.906979999999999897e+00,-6.785169999999999924e+00,1.627819999999999823e+01
1.840000000000000080e+00,7.782769999999999966e-01,2.820699999999999943e-02,-3.944559999999999733e-03,-6.272739999999999982e-01,-5.826999999999999957e-01,3.419499999999999762e-01,4.261059999999999674e-03,2.400189999999999824e+00,-3.721789999999999932e+00,1.513260000000000005e+01
1.860000000000000098e+00,7.778460000000000374e-01,2.649009999999999906e-02,2.747139999999999912e-03,-6.278899999999999482e-01,-6.817689999999999584e-01,5.773730000000000251e-01,-8.948219999999999785e-02,2.444479999999999986e+00,-3.636789999999999967e+00,8.742430000000000589e+00
1.880000000000000115e+00,7.773219999999999574e-01,2.188750000000000070e-02,1.167769999999999919e-02,-6.286140000000000061e-01,-1.454090000000000105e+00,1.097220000000000001e-01,-2.769689999999999999e-02,-4.988319999999999865e+00,6.020220000000000127e+00,1.538039999999999985e+01
1.900000000000000133e+00,7.778289999999999926e-01,1.031800000000000078e-02,2.043970000000000162e-02,-6.280590000000000339e-01,-7.733820000000000139e-01,-1.129180000000000045e-01,-6.924220000000000375e-02,-4.531030000000000335e+00,-2.517500000000000071e+00,1.001970000000000027e+01
1.919999999999999929e+00,7.776279999999999859e-01,1.120690000000000054e-02,1.668949999999999947e-02,-6.284039999999999626e-01,9.917610000000000037e-01,-3.046659999999999924e-01,-7.989480000000000193e-02,-1.508349999999999969e-01,-2.765299999999999869e+00,9.652219999999999800e+00
1.939999999999999947e+00,7.769080000000000430e-01,1.755949999999999872e-02,7.799770000000000141e-03,-6.293199999999999905e-01,9.534120000000000372e-01,-2.162489999999999968e-01,-1.320929999999999882e-01,-1.055839999999999890e+00,5.626369999999999982e-02,9.890449999999999520e+00
1.959999999999999964e+00,7.760700000000000376e-01,2.034990000000000063e-02,2.071550000000000127e-03,-6.303140000000000409e-01,2.300969999999999960e-01,-2.396840000000000082e-01,-1.640510000000000024e-01,-3.128019999999999801e+00,1.832759999999999945e+00,1.111389999999999922e+01
1.979999999999999982e+00,7.748950000000000005e-01,1.740629999999999955e-02,2.404020000000000202e-03,-6.318460000000000187e-01,-6.018740000000000201e-01,-2.077269999999999950e-01,-2.087920000000000054e-01,-1.441310000000000091e+00,5.173869999999999969e+00,1.228350000000000009e+01
2.000000000000000000e+00,7.740669999999999495e-01,1.159029999999999956e-02,6.639700000000000116e-03,-6.329620000000000246e-01,-1.352889999999999926e-01,-3.888210000000000277e-01,-1.075919999999999932e-01,-1.950080000000000036e+00,3.566159999999999997e+00,7.149090000000000167e+00
2.020000000000000018e+00,7.732059999999999489e-01,1.029749999999999936e-02,3.303700000000000126e-03,-6.340630000000000432e-01,2.620549999999999824e-01,-3.685809999999999920e-01,-1.225050000000000028e-01,-5.231329999999999592e-01,1.340750000000000108e+00,8.550890000000000768e+00
2.040000000000000036e+00,7.728779999999999539e-01,7.020030000000000020e-03,-1.439189999999999914e-03,-6.345140000000000224e-01,-4.186489999999999934e-01,-7.041399999999999881e-01,-2.769689999999999999e-02,-2.130839999999999956e-01,3.026269999999999794e+00,3.602079999999999949e+00
2.060000000000000053e+00,7.731890000000000152e-01,-1.751240000000000045e-03,-2.999860000000000243e-04,-6.341729999999999867e-01,-5.283710000000000351e-01,-4.932170000000000165e-01,-7.456850000000000110e-03,-1.413780000000000037e+00,-6.883329999999999727e-01,8.379709999999999936e-02
2.080000000000000071e+00,7.735990000000000366e-01,-4.767279999999999608e-03,2.301389999999999946e-03,-6.336540000000000505e-01,2.908169999999999922e-01,5.912220000000000253e-01,1.438109999999999944e-01,1.181540000000000035e+00,-1.006039999999999957e+01,7.562090000000000423e+00
2.100000000000000089e+00,7.748610000000000220e-01,7.754719999999999669e-03,2.871959999999999791e-03,-6.320770000000000000e-01,2.623749999999999805e+00,2.002700000000000036e-01,4.175840000000000107e-01,-1.169689999999999941e+01,-1.842340000000000089e+01,6.903679999999999595e+00
2.120000000000000107e+00,7.764849999999999808e-01,2.659430000000000127e-02,-1.693829999999999988e-02,-6.293459999999999610e-01,9.683249999999999913e-01,-3.004049999999999776e-01,1.821599999999999886e-01,-8.116339999999999666e-01,-1.523910000000000098e+00,1.788470000000000004e+00
2.140000000000000124e+00,7.778399999999999759e-01,2.542300000000000115e-02,-1.234829999999999955e-02,-6.278270000000000239e-01,-1.092959999999999932e+00,3.685809999999999920e-01,9.054750000000000298e-02,1.443699999999999983e+00,3.184289999999999843e+00,1.957860000000000156e+01
2.160000000000000142e+00,7.783510000000000151e-01,1.838120000000000032e-02,-3.240610000000000105e-03,-6.275509999999999700e-01,-1.047150000000000025e+00,3.749730000000000008e-01,7.137269999999999726e-02,3.641579999999999817e+00,-3.124429999999999819e+00,9.981429999999999580e+00
2.180000000000000160e+00,7.782780000000000253e-01,1.722080000000000138e-02,3.514800000000000216e-03,-6.276739999999999542e-01,-1.107869999999999966e-01,5.965479999999999672e-01,-8.841690000000000660e-02,1.319209999999999994e+00,-4.209010000000000140e+00,1.056559999999999988e+01
2.200000000000000178e+00,7.777110000000000412e-01,1.431179999999999952e-02,1.179529999999999988e-02,-6.283480000000000176e-01,-1.484979999999999967e+00,8.735170000000000434e-02,-9.906959999999999378e-02,-5.987899999999999778e+00,3.554190000000000182e+00,1.006639999999999979e+01
2.220000000000000195e+00,7.780249999999999666e-01,3.099719999999999819e-03,1.947429999999999994e-02,-6.279230000000000089e-01,-6.135920000000000263e-01,-3.312970000000000081e-01,-1.491370000000000022e-02,-3.683479999999999865e+00,-3.074160000000000004e+00,1.004609999999999914e+01
2.240000000000000213e+00,7.779059999999999864e-01,5.019080000000000416e-03,1.395360000000000003e-02,-6.282060000000000421e-01,1.260210000000000052e+00,-2.620549999999999824e-01,-1.917479999999999879e-02,4.548979999999999690e-02,-3.505110000000000170e+00,7.988249999999999851e+00
2.260000000000000231e+00,7.775090000000000057e-01,1.364890000000000027e-02,4.313919999999999734e-03,-6.287080000000000446e-01,1.374190000000000023e+00,-1.597899999999999876e-01,-5.858950000000000269e-02,-2.400189999999999824e+00,-5.961560000000000192e-01,1.032140000000000057e+01
2.280000000000000249e+00,7.766349999999999643e-01,1.974280000000000132e-02,-1.995879999999999790e-03,-6.296380000000000310e-01,3.557980000000000032e-01,-8.841690000000000660e-02,-1.800299999999999956e-01,-2.238579999999999792e+00,3.609259999999999913e+00,1.187640000000000029e+01
2.300000000000000266e+00,7.753069999999999684e-01,1.628339999999999996e-02,1.357240000000000009e-03,-6.313739999999999908e-01,-1.282580000000000053e+00,8.522109999999999408e-03,-2.055960000000000010e-01,-2.862270000000000092e+00,5.178659999999999819e+00,9.992200000000000415e+00
2.319999999999999840e+00,7.742400000000000393e-01,1.081889999999999935e-02,5.946410000000000064e-03,-6.327720000000000011e-01,-4.474110000000000031e-01,-3.014700000000000157e-01,-1.278320000000000012e-01,-2.394200000000000106e+00,1.252170000000000005e+00,8.473079999999999501e+00
2.339999999999999858e+00,7.734990000000000476e-01,9.717450000000000740e-03,1.593940000000000070e-03,-6.337209999999999788e-01,3.099919999999999898e-01,-6.593989999999999574e-01,-8.735170000000000434e-02,-4.824320000000000275e-01,1.236609999999999987e+00,5.009870000000000267e+00
2.359999999999999876e+00,7.735060000000000269e-01,4.525450000000000306e-03,-9.598210000000000248e-04,-6.337720000000000020e-01,-7.137270000000000003e-01,-5.507419999999999538e-01,5.326319999999999666e-02,-2.525879999999999792e-01,4.186259999999999870e+00,4.110839999999999606e+00
2.379999999999999893e+00,7.737519999999999953e-01,-3.573600000000000127e-03,1.202280000000000015e-03,-6.334769999999999568e-01,-9.555420000000000025e-01,-2.045309999999999906e-01,3.408850000000000074e-02,7.661449999999999649e-01,2.197880000000000056e+00,-4.644750000000000267e-01
2.399999999999999911e+00,7.739359999999999573e-01,-6.620159999999999934e-03,3.557480000000000017e-03,-6.332189999999999763e-01,1.136640000000000095e+00,3.259710000000000107e-01,1.267659999999999898e-01,4.631579999999999586e+00,-1.815159999999999840e+01,5.067330000000000112e+00
2.419999999999999929e+00,7.753079999999999972e-01,7.530580000000000260e-03,1.957799999999999992e-03,-6.315349999999999575e-01,3.021090000000000053e+00,5.006739999999999802e-02,3.387539999999999996e-01,-7.592010000000000147e+00,-1.123240000000000016e+01,1.273119999999999941e+01
2.439999999999999947e+00,7.764060000000000406e-01,2.590009999999999882e-02,-1.346980000000000052e-02,-6.295570000000000332e-01,1.488169999999999993e+00,1.203749999999999959e-01,1.533980000000000066e-01,4.285619999999999985e-01,2.641999999999999904e+00,1.411379999999999946e+01
2.459999999999999964e+00,7.774440000000000239e-01,3.081230000000000080e-02,-1.019600000000000020e-02,-6.281139999999999501e-01,-7.158579999999999943e-01,4.474110000000000031e-01,5.752430000000000043e-02,1.618479999999999919e+00,2.749740000000000073e+00,1.786789999999999878e+01
2.479999999999999982e+00,7.778580000000000494e-01,2.609699999999999867e-02,3.991350000000000063e-04,-6.278979999999999562e-01,-1.198420000000000041e+00,5.965479999999999672e-01,-6.391589999999999945e-03,3.234570000000000167e+00,1.744180000000000064e+00,7.255630000000000024e+00
2.500000000000000000e+00,7.775870000000000282e-01,2.260830000000000131e-02,9.088109999999999938e-03,-6.283029999999999449e-01,-9.523460000000000258e-01,7.776429999999999454e-02,-1.789640000000000120e-01,-7.764400000000000190e+00,2.067390000000000061e+00,1.424310000000000009e+01
2.520000000000000018e+00,7.779580000000000384e-01,1.193559999999999933e-02,1.650559999999999874e-02,-6.279860000000000442e-01,-1.188839999999999897e+00,1.011999999999999983e-01,8.415590000000000570e-02,-5.317520000000000024e+00,1.493980000000000086e+00,1.043030000000000079e+01
2.540000000000000036e+00,7.786070000000000491e-01,1.167980000000000060e-02,1.961229999999999918e-02,-6.270959999999999868e-01,3.014700000000000157e-01,3.408850000000000074e-02,1.629849999999999910e-01,-4.736930000000000085e+00,-1.137250000000000094e+00,1.515889999999999915e+01
2.560000000000000053e+00,7.791200000000000347e-01,1.674869999999999831e-02,1.921310000000000032e-02,-6.263560000000000239e-01,3.526020000000000265e-01,3.291669999999999874e-01,8.309060000000000057e-02,-4.203020000000000422e+00,1.613690000000000069e+00,1.122879999999999967e+01
2.580000000000000071e+00,7.790770000000000195e-01,2.367500000000000160e-02,1.689339999999999939e-02,-6.262529999999999486e-01,7.211840000000000472e-01,1.171789999999999984e-02,-2.876209999999999878e-02,-5.359420000000000073e+00,-6.608000000000000540e-01,1.254560000000000031e+01
2.600000000000000089e+00,7.786469999999999780e-01,2.708469999999999975e-02,1.429139999999999924e-02,-6.267139999999999933e-01,2.354229999999999934e-01,-5.645900000000000224e-02,-4.793689999999999757e-02,-4.177880000000000038e+00,2.492360000000000131e+00,8.659829999999999472e+00
2.620000000000000107e+00,7.783369999999999456e-01,2.769900000000000140e-02,1.218870000000000023e-02,-6.271170000000000355e-01,1.906819999999999904e-01,-3.291669999999999874e-01,-4.687159999999999938e-02,-3.605669999999999931e+00,1.823180000000000023e+00,1.115820000000000078e+01
2.640000000000000124e+00,7.783550000000000191e-01,2.673609999999999876e-02,1.092100000000000015e-02,-6.271600000000000508e-01,-1.320929999999999882e-01,-2.535330000000000084e-01,2.769689999999999999e-02,-1.491589999999999971e+00,3.611650000000000027e+00,6.756439999999999557e+00
2.660000000000000142e+00,7.789019999999999833e-01,2.467300000000000049e-02,8.643859999999999738e-03,-6.266000000000000458e-01,-4.623249999999999860e-01,-4.175840000000000107e-01,5.006739999999999802e-02,-1.400609999999999911e+00,2.628829999999999778e+00,7.674610000000000376e+00
2.680000000000000160e+00,7.792550000000000310e-01,1.835370000000000057e-02,9.882709999999999412e-03,-6.263600000000000279e-01,-6.849650000000000460e-01,-3.057309999999999750e-01,-2.556630000000000014e-02,-5.458779999999999744e-01,3.817550000000000221e+00,4.641160000000000174e+00
2.700000000000000178e+00,7.793309999999999960e-01,7.718690000000000273e-03,1.545460000000000063e-02,-6.263739999999999863e-01,-9.171930000000000360e-01,-3.067960000000000131e-01,-6.924220000000000375e-02,-4.189849999999999963e-01,2.262519999999999865e+00,-7.469909999999999606e-01
2.720000000000000195e+00,7.788749999999999840e-01,2.322400000000000072e-03,1.376499999999999946e-02,-6.270240000000000258e-01,-1.097220000000000001e-01,-7.094660000000000410e-01,-1.043960000000000027e-01,1.400609999999999911e-01,1.909380000000000077e+00,-2.756920000000000037e+00
2.740000000000000213e+00,7.791590000000000460e-01,4.422309999999999609e-03,-2.920429999999999901e-03,-6.268040000000000278e-01,3.573960000000000026e+00,-1.640509999999999913e+00,5.645900000000000224e-02,-4.471169999999999867e+00,-6.240490000000000315e+00,1.000660000000000061e+01
2.760000000000000231e+00,7.817830000000000057e-01,2.612149999999999889e-02,-2.382930000000000118e-02,-6.225469999999999615e-01,9.438239999999999963e-01,5.006739999999999802e-02,5.336969999999999770e-01,-4.444840000000000124e+00,7.766790000000000305e+00,7.657849999999999824e+00
2.780000000000000249e+00,7.856940000000000035e-01,2.605870000000000061e-02,-2.492569999999999855e-02,-6.175640000000000018e-01,-3.281009999999999760e-01,-7.275760000000000005e-01,4.676509999999999834e-01,-4.359840000000000160e+00,-7.900870000000000282e+00,1.198780000000000001e+01
2.800000000000000266e+00,7.880599999999999827e-01,1.616990000000000094e-02,-1.210920000000000052e-02,-6.152670000000000083e-01,-2.224270000000000191e+00,8.788430000000000408e-01,3.291669999999999874e-01,7.258020000000000138e+00,-1.326389999999999958e+00,-3.556589999999999918e+00
2.819999999999999840e+00,7.890200000000000546e-01,1.396799999999999908e-04,9.816609999999999919e-03,-6.142879999999999452e-01,-1.475389999999999979e+00,-1.917479999999999879e-02,1.651160000000000128e-01,-1.009160000000000057e+00,-5.085280000000000022e+00,4.836289999999999978e+00
