0.000000000000000000e+00,-1.529720000000000027e+03,9.864819999999999922e+00,3.887409999999999854e+02,9.989930000000000199e-01,1.033300000000000017e-03,4.447750000000000314e-02,-5.759369999999999767e-03
2.000000000000000042e-02,-1.529730000000000018e+03,9.908870000000000289e+00,3.887359999999999900e+02,9.989940000000000486e-01,1.000770000000000002e-03,4.446909999999999752e-02,-5.663650000000000108e-03
4.000000000000000083e-02,-1.529740000000000009e+03,9.852149999999999963e+00,3.887470000000000141e+02,9.989940000000000486e-01,1.162190000000000011e-03,4.445260000000000183e-02,-5.753099999999999707e-03
5.999999999999999778e-02,-1.529730000000000018e+03,9.805009999999999337e+00,3.887060000000000173e+02,9.989919999999999911e-01,1.155350000000000084e-03,4.449899999999999689e-02,-5.837959999999999677e-03
8.000000000000000167e-02,-1.529630000000000109e+03,9.863730000000000331e+00,3.890500000000000114e+02,9.990499999999999936e-01,1.326769999999999903e-03,4.320559999999999679e-02,-5.571249999999999813e-03
1.000000000000000056e-01,-1.528619999999999891e+03,1.029369999999999941e+01,3.885480000000000018e+02,9.990320000000000311e-01,1.462570000000000059e-03,4.368949999999999917e-02,-4.872020000000000343e-03
1.199999999999999956e-01,-1.526950000000000045e+03,1.115290000000000070e+01,3.880099999999999909e+02,9.989789999999999504e-01,5.137819999999999540e-04,4.497980000000000034e-02,-4.107829999999999815e-03
1.400000000000000133e-01,-1.524900000000000091e+03,1.183610000000000007e+01,3.877989999999999782e+02,9.990019999999999456e-01,9.353599999999999892e-04,4.452339999999999770e-02,-3.313180000000000205e-03
1.600000000000000033e-01,-1.521690000000000055e+03,1.245170000000000066e+01,3.866870000000000118e+02,9.989479999999999471e-01,2.343389999999999883e-03,4.574079999999999813e-02,-2.346790000000000074e-03
1.799999999999999933e-01,-1.517240000000000009e+03,1.345040000000000013e+01,3.849449999999999932e+02,9.988500000000000156e-01,2.549839999999999832e-03,4.783840000000000314e-02,-1.724520000000000003e-03
2.000000000000000111e-01,-1.511109999999999900e+03,1.432850000000000001e+01,3.817869999999999777e+02,9.986669999999999714e-01,2.310630000000000149e-03,5.153930000000000317e-02,-1.788400000000000102e-03
2.200000000000000011e-01,-1.503490000000000009e+03,1.602629999999999910e+01,3.778759999999999764e+02,9.984260000000000357e-01,-1.103280000000000103e-03,5.603629999999999722e-02,-2.235099999999999847e-03
2.399999999999999911e-01,-1.494720000000000027e+03,1.800529999999999831e+01,3.741929999999999836e+02,9.982109999999999594e-01,-4.529280000000000111e-03,5.954580000000000289e-02,-2.792380000000000122e-03
2.600000000000000089e-01,-1.485150000000000091e+03,1.826190000000000069e+01,3.715210000000000150e+02,9.981339999999999657e-01,-8.719399999999999764e-04,6.095810000000000117e-02,-3.346319999999999850e-03
2.800000000000000266e-01,-1.474609999999999900e+03,1.768420000000000059e+01,3.699169999999999732e+02,9.981229999999999825e-01,4.111720000000000132e-03,6.093400000000000205e-02,-4.455660000000000176e-03
2.999999999999999889e-01,-1.462950000000000045e+03,1.724109999999999943e+01,3.689449999999999932e+02,9.981510000000000105e-01,7.106020000000000218e-03,6.015140000000000070e-02,-5.112590000000000190e-03
3.200000000000000067e-01,-1.449950000000000045e+03,1.708849999999999980e+01,3.681429999999999723e+02,9.981870000000000465e-01,7.381369999999999945e-03,5.947790000000000021e-02,-5.553319999999999611e-03
3.400000000000000244e-01,-1.435710000000000036e+03,1.772970000000000113e+01,3.674110000000000014e+02,9.982499999999999707e-01,3.513979999999999881e-03,5.871139999999999692e-02,-6.092769999999999957e-03
3.599999999999999867e-01,-1.420140000000000100e+03,1.827850000000000108e+01,3.663690000000000282e+02,9.982769999999999699e-01,1.347230000000000042e-03,5.828499999999999653e-02,-6.562049999999999828e-03
3.800000000000000044e-01,-1.403420000000000073e+03,1.821189999999999998e+01,3.655219999999999914e+02,9.983130000000000059e-01,2.035180000000000149e-03,5.761259999999999992e-02,-6.936099999999999731e-03
4.000000000000000222e-01,-1.386009999999999991e+03,1.782710000000000150e+01,3.649970000000000141e+02,9.983940000000000037e-01,4.453989999999999685e-03,5.608429999999999666e-02,-6.689139999999999669e-03
4.199999999999999845e-01,-1.368559999999999945e+03,1.771000000000000085e+01,3.652760000000000105e+02,9.985549999999999704e-01,5.445779999999999892e-03,5.305370000000000225e-02,-6.633049999999999710e-03
4.400000000000000022e-01,-1.351650000000000091e+03,1.723699999999999832e+01,3.664049999999999727e+02,9.987880000000000091e-01,8.344239999999999297e-03,4.805650000000000199e-02,-6.521510000000000327e-03
4.600000000000000200e-01,-1.335359999999999900e+03,1.606940000000000168e+01,3.676250000000000000e+02,9.990019999999999456e-01,1.288910000000000056e-02,4.220720000000000027e-02,-6.859500000000000146e-03
4.799999999999999822e-01,-1.319940000000000055e+03,1.438150000000000084e+01,3.680040000000000191e+02,9.992119999999999891e-01,1.652899999999999855e-02,3.532180000000000042e-02,-7.327379999999999657e-03
5.000000000000000000e-01,-1.305410000000000082e+03,1.202469999999999928e+01,3.664159999999999968e+02,9.993610000000000548e-01,2.042360000000000009e-02,2.813219999999999957e-02,-8.298329999999999596e-03
5.200000000000000178e-01,-1.289009999999999991e+03,1.021269999999999989e+01,3.593519999999999754e+02,9.992469999999999963e-01,2.012869999999999937e-02,3.148059999999999747e-02,-1.041219999999999993e-02
5.400000000000000355e-01,-1.269190000000000055e+03,9.616289999999999338e+00,3.469540000000000077e+02,9.987479999999999691e-01,1.976220000000000060e-02,4.442109999999999809e-02,-1.180400000000000026e-02
5.600000000000000533e-01,-1.246970000000000027e+03,1.144769999999999932e+01,3.299940000000000282e+02,9.979160000000000252e-01,1.140919999999999955e-02,6.224369999999999903e-02,-1.261400000000000021e-02
5.799999999999999600e-01,-1.223180000000000064e+03,1.661299999999999955e+01,3.152359999999999900e+02,9.966559999999999864e-01,-3.637449999999999972e-03,8.097590000000000343e-02,-1.030820000000000000e-02
5.999999999999999778e-01,-1.200039999999999964e+03,1.894219999999999970e+01,3.070029999999999859e+02,9.957080000000000375e-01,-9.781339999999999425e-05,9.231490000000000529e-02,-6.654260000000000383e-03
6.199999999999999956e-01,-1.175900000000000091e+03,2.030590000000000117e+01,3.053140000000000214e+02,9.952269999999999728e-01,1.727550000000000006e-03,9.736490000000000422e-02,-6.345309999999999839e-03
6.400000000000000133e-01,-1.150519999999999982e+03,2.176569999999999894e+01,3.070319999999999823e+02,9.949529999999999763e-01,-1.651139999999999943e-03,1.000869999999999954e-01,-6.911080000000000001e-03
6.600000000000000311e-01,-1.123549999999999955e+03,2.250230000000000175e+01,3.104080000000000155e+02,9.947150000000000158e-01,-3.082790000000000183e-03,1.023939999999999989e-01,-6.929339999999999979e-03
6.800000000000000488e-01,-1.095849999999999909e+03,2.225799999999999912e+01,3.158919999999999959e+02,9.948050000000000503e-01,-1.960649999999999980e-03,1.015859999999999957e-01,-6.320970000000000408e-03
7.000000000000000666e-01,-1.068490000000000009e+03,2.163400000000000034e+01,3.236720000000000255e+02,9.954169999999999963e-01,-3.786039999999999957e-04,9.547630000000000006e-02,-5.365939999999999599e-03
7.199999999999999734e-01,-1.041839999999999918e+03,2.116519999999999868e+01,3.329350000000000023e+02,9.963359999999999994e-01,-2.507450000000000260e-04,8.536019999999999719e-02,-5.278480000000000325e-03
7.399999999999999911e-01,-1.015529999999999973e+03,2.193199999999999861e+01,3.405910000000000082e+02,9.970029999999999726e-01,-4.449490000000000389e-03,7.703840000000000687e-02,-5.537010000000000196e-03
7.600000000000000089e-01,-9.895869999999999891e+02,2.332420000000000115e+01,3.474950000000000045e+02,9.975479999999999903e-01,-7.244559999999999715e-03,6.932299999999999573e-02,-6.291800000000000170e-03
7.800000000000000266e-01,-9.638189999999999600e+02,2.530819999999999936e+01,3.532520000000000095e+02,9.980630000000000335e-01,-7.682480000000000211e-03,6.136339999999999850e-02,-6.705370000000000427e-03
8.000000000000000444e-01,-9.380539999999999736e+02,2.917160000000000153e+01,3.558120000000000118e+02,9.984110000000000484e-01,-1.115739999999999961e-02,5.487410000000000204e-02,-6.246449999999999746e-03
8.200000000000000622e-01,-9.114379999999999882e+02,3.379010000000000247e+01,3.530450000000000159e+02,9.984439999999999982e-01,-1.688179999999999889e-02,5.288029999999999814e-02,-5.369559999999999785e-03
8.399999999999999689e-01,-8.830579999999999927e+02,3.424040000000000106e+01,3.475989999999999895e+02,9.982010000000000050e-01,-1.312330000000000007e-03,5.992689999999999823e-02,-1.040329999999999901e-03
8.599999999999999867e-01,-8.570240000000000009e+02,3.133869999999999933e+01,3.474719999999999800e+02,9.978879999999999972e-01,2.906759999999999899e-02,5.775919999999999666e-02,6.190470000000000000e-03
8.800000000000000044e-01,-8.311680000000000064e+02,3.050260000000000105e+01,3.464900000000000091e+02,9.975190000000000445e-01,3.821220000000000172e-02,5.826110000000000316e-02,1.008339999999999931e-02
9.000000000000000222e-01,-8.040639999999999645e+02,3.147810000000000130e+01,3.462200000000000273e+02,9.977019999999999778e-01,2.710219999999999990e-02,6.126090000000000008e-02,1.015190000000000016e-02
9.200000000000000400e-01,-7.748110000000000355e+02,3.227499999999999858e+01,3.440810000000000173e+02,9.975699999999999568e-01,1.110960000000000072e-02,6.825979999999999548e-02,8.437019999999999936e-03
9.400000000000000577e-01,-7.441749999999999545e+02,3.185210000000000008e+01,3.412529999999999859e+02,9.970719999999999583e-01,-9.834139999999999462e-04,7.608199999999999685e-02,7.680079999999999719e-03
9.599999999999999645e-01,-7.148440000000000509e+02,3.287539999999999907e+01,3.421990000000000123e+02,9.969019999999999548e-01,-1.683540000000000036e-02,7.647400000000000031e-02,7.378970000000000320e-03
9.799999999999999822e-01,-6.851889999999999645e+02,2.945779999999999887e+01,3.447799999999999727e+02,9.970900000000000318e-01,-1.048660000000000043e-02,7.511980000000000046e-02,7.692570000000000137e-03
1.000000000000000000e+00,-6.556159999999999854e+02,2.410620000000000118e+01,3.472309999999999945e+02,9.972729999999999650e-01,3.012630000000000082e-03,7.334209999999999341e-02,7.695409999999999751e-03
1.020000000000000018e+00,-6.265779999999999745e+02,1.906530000000000058e+01,3.495140000000000100e+02,9.972999999999999643e-01,1.211699999999999930e-02,7.206959999999999755e-02,7.231340000000000164e-03
1.040000000000000036e+00,-5.982440000000000282e+02,1.649249999999999972e+01,3.519990000000000236e+02,9.974330000000000140e-01,8.218319999999999445e-03,7.093209999999999793e-02,5.386339999999999878e-03
1.060000000000000053e+00,-5.710789999999999509e+02,1.634619999999999962e+01,3.548450000000000273e+02,9.976190000000000335e-01,-3.479869999999999925e-03,6.882929999999999604e-02,2.757649999999999945e-03
1.080000000000000071e+00,-5.447699999999999818e+02,1.554989999999999917e+01,3.583870000000000005e+02,9.979369999999999630e-01,-3.297369999999999989e-03,6.408899999999999320e-02,1.874550000000000001e-03
1.100000000000000089e+00,-5.188669999999999618e+02,1.601610000000000156e+01,3.616250000000000000e+02,9.983549999999999924e-01,-2.877980000000000035e-03,5.722760000000000347e-02,1.808520000000000093e-03
1.120000000000000107e+00,-4.930389999999999873e+02,1.957130000000000081e+01,3.619630000000000223e+02,9.985950000000000104e-01,-1.205870000000000032e-02,5.156990000000000185e-02,2.025980000000000142e-03
1.140000000000000124e+00,-4.661030000000000086e+02,2.230120000000000147e+01,3.564239999999999782e+02,9.984800000000000342e-01,-1.761240000000000028e-02,5.218269999999999853e-02,2.253530000000000116e-03
1.159999999999999920e+00,-4.359309999999999832e+02,2.115690000000000026e+01,3.460090000000000146e+02,9.978890000000000260e-01,-6.342399999999999774e-03,6.450210000000000665e-02,4.145040000000000009e-03
1.179999999999999938e+00,-4.095579999999999927e+02,1.596710000000000029e+01,3.445860000000000127e+02,9.977559999999999762e-01,2.333160000000000095e-02,6.201269999999999699e-02,9.653470000000000800e-03
1.199999999999999956e+00,-3.825899999999999750e+02,1.570650000000000013e+01,3.422989999999999782e+02,9.977009999999999490e-01,1.835370000000000057e-02,6.439469999999999916e-02,1.048510000000000067e-02
1.219999999999999973e+00,-3.544850000000000136e+02,1.592019999999999946e+01,3.407110000000000127e+02,9.976319999999999633e-01,5.894530000000000255e-03,6.766940000000000455e-02,1.077119999999999987e-02
1.239999999999999991e+00,-3.243039999999999736e+02,1.305959999999999965e+01,3.383870000000000005e+02,9.972199999999999953e-01,2.563600000000000080e-03,7.381409999999999361e-02,9.877300000000000316e-03
1.260000000000000009e+00,-2.935919999999999845e+02,9.667030000000000456e+00,3.368790000000000191e+02,9.968390000000000306e-01,2.999109999999999819e-04,7.881720000000000392e-02,9.976060000000000136e-03
1.280000000000000027e+00,-2.638190000000000168e+02,8.757179999999999964e+00,3.386779999999999973e+02,9.968329999999999691e-01,-1.228390000000000037e-02,7.795330000000000314e-02,9.863620000000000027e-03
1.300000000000000044e+00,-2.339430000000000121e+02,4.476569999999999716e+00,3.421689999999999827e+02,9.970679999999999543e-01,-9.289540000000000644e-03,7.532740000000000269e-02,9.720589999999999439e-03
1.320000000000000062e+00,-2.042580000000000098e+02,-1.664979999999999905e+00,3.456809999999999832e+02,9.973100000000000298e-01,2.154160000000000016e-03,7.258829999999999449e-02,9.977110000000000839e-03
1.340000000000000080e+00,-1.751229999999999905e+02,-7.796100000000000030e+00,3.492610000000000241e+02,9.974100000000000188e-01,1.114539999999999975e-02,7.039600000000000024e-02,9.677109999999999185e-03
1.360000000000000098e+00,-1.468720000000000141e+02,-1.170909999999999940e+01,3.528929999999999723e+02,9.975619999999999488e-01,9.327749999999999236e-03,6.870969999999999855e-02,7.920309999999999850e-03
1.380000000000000115e+00,-1.195450000000000017e+02,-1.315869999999999962e+01,3.561680000000000064e+02,9.977160000000000473e-01,1.713639999999999998e-03,6.724819999999999409e-02,6.119659999999999857e-03
1.400000000000000133e+00,-9.299599999999999511e+01,-1.451660000000000039e+01,3.605210000000000150e+02,9.980080000000000062e-01,7.011819999999999555e-04,6.288090000000000346e-02,4.976089999999999854e-03
1.419999999999999929e+00,-6.681669999999999732e+01,-1.410430000000000028e+01,3.646240000000000236e+02,9.983809999999999629e-01,-1.925459999999999932e-03,5.664910000000000084e-02,4.842759999999999773e-03
1.439999999999999947e+00,-4.071050000000000324e+01,-1.161280000000000001e+01,3.663500000000000227e+02,9.986429999999999474e-01,-8.234879999999999978e-03,5.117270000000000152e-02,5.146079999999999925e-03
1.459999999999999964e+00,-1.357959999999999923e+01,-9.708959999999999368e+00,3.623629999999999995e+02,9.986190000000000344e-01,-1.182740000000000007e-02,5.087520000000000236e-02,5.569619999999999953e-03
1.479999999999999982e+00,1.621180000000000021e+01,-1.087819999999999965e+01,3.542149999999999750e+02,9.981409999999999449e-01,-1.849850000000000105e-03,6.046039999999999748e-02,7.507299999999999737e-03
1.500000000000000000e+00,4.257569999999999766e+01,-1.543510000000000026e+01,3.534399999999999977e+02,9.980109999999999815e-01,2.142070000000000085e-02,5.794839999999999713e-02,1.257269999999999915e-02
1.520000000000000018e+00,6.998290000000000077e+01,-1.554470000000000063e+01,3.513330000000000268e+02,9.979219999999999757e-01,1.596010000000000137e-02,6.096300000000000330e-02,1.345380000000000013e-02
1.540000000000000036e+00,9.850660000000000593e+01,-1.566380000000000017e+01,3.497259999999999991e+02,9.977500000000000258e-01,4.453939999999999982e-03,6.552700000000000191e-02,1.349870000000000063e-02
1.560000000000000053e+00,1.290550000000000068e+02,-1.884740000000000038e+01,3.473990000000000009e+02,9.973250000000000171e-01,2.442020000000000041e-03,7.200020000000000031e-02,1.238389999999999977e-02
1.580000000000000071e+00,1.597249999999999943e+02,-2.162249999999999872e+01,3.464409999999999741e+02,9.970569999999999711e-01,-2.815799999999999813e-03,7.566430000000000378e-02,1.198570000000000017e-02
1.600000000000000089e+00,1.895320000000000107e+02,-2.269229999999999947e+01,3.487289999999999850e+02,9.971259999999999568e-01,-1.424130000000000014e-02,7.351340000000000652e-02,1.149419999999999956e-02
1.620000000000000107e+00,2.194139999999999873e+02,-2.727860000000000085e+01,3.524759999999999991e+02,9.974650000000000460e-01,-8.868920000000000622e-03,6.973409999999999331e-02,1.106670000000000050e-02
1.640000000000000124e+00,2.491920000000000073e+02,-3.344290000000000163e+01,3.556539999999999964e+02,9.976800000000000113e-01,4.020369999999999673e-03,6.703420000000000212e-02,1.117929999999999965e-02
1.660000000000000142e+00,2.783629999999999995e+02,-3.840610000000000213e+01,3.589069999999999823e+02,9.977819999999999467e-01,9.806550000000000683e-03,6.499240000000000572e-02,1.048720000000000034e-02
1.679999999999999938e+00,3.066680000000000064e+02,-4.072099999999999653e+01,3.616770000000000209e+02,9.978930000000000300e-01,4.121640000000000199e-03,6.416260000000000019e-02,8.721829999999999861e-03
1.699999999999999956e+00,3.340140000000000100e+02,-4.210329999999999728e+01,3.644209999999999923e+02,9.979740000000000277e-01,-9.616769999999999746e-04,6.325290000000000079e-02,6.768439999999999700e-03
1.719999999999999973e+00,3.606360000000000241e+02,-4.345329999999999870e+01,3.683269999999999982e+02,9.982699999999999907e-01,2.621319999999999900e-03,5.842909999999999771e-02,6.075679999999999970e-03
1.739999999999999991e+00,3.870640000000000214e+02,-4.210229999999999961e+01,3.711440000000000055e+02,9.985939999999999817e-01,-3.493090000000000127e-04,5.264030000000000098e-02,6.241260000000000210e-03
1.760000000000000009e+00,4.138469999999999800e+02,-3.892179999999999751e+01,3.693740000000000236e+02,9.986779999999999546e-01,-8.937489999999999324e-03,5.023980000000000112e-02,6.133070000000000015e-03
1.780000000000000027e+00,4.426630000000000109e+02,-3.707489999999999952e+01,3.614159999999999968e+02,9.983149999999999524e-01,-1.354439999999999984e-02,5.607499999999999984e-02,6.292709999999999970e-03
1.800000000000000044e+00,4.714859999999999900e+02,-4.059340000000000259e+01,3.552780000000000200e+02,9.979580000000000117e-01,8.080399999999999736e-03,6.264379999999999948e-02,9.540379999999999347e-03
1.820000000000000062e+00,4.990670000000000073e+02,-4.350390000000000157e+01,3.513369999999999891e+02,9.974769999999999470e-01,2.051570000000000130e-02,6.685900000000000176e-02,1.219600000000000024e-02
1.840000000000000080e+00,5.271810000000000400e+02,-4.541620000000000346e+01,3.489119999999999777e+02,9.973060000000000258e-01,1.854540000000000008e-02,7.000629999999999353e-02,1.165539999999999979e-02
1.860000000000000098e+00,5.568730000000000473e+02,-4.759490000000000265e+01,3.468899999999999864e+02,9.970959999999999823e-01,1.244059999999999958e-02,7.438250000000000417e-02,1.054569999999999987e-02
1.880000000000000115e+00,5.878479999999999563e+02,-4.985569999999999879e+01,3.444780000000000086e+02,9.967930000000000401e-01,4.910780000000000006e-03,7.926329999999999487e-02,9.884949999999999987e-03
1.900000000000000133e+00,6.179289999999999736e+02,-4.973250000000000171e+01,3.454830000000000041e+02,9.968000000000000194e-01,-1.203669999999999914e-02,7.846459999999999546e-02,9.379300000000000137e-03
1.919999999999999929e+00,6.483450000000000273e+02,-5.344239999999999924e+01,3.478999999999999773e+02,9.969770000000000021e-01,-9.942609999999999296e-03,7.651349999999999818e-02,9.115629999999999566e-03
1.939999999999999947e+00,6.787839999999999918e+02,-5.937879999999999825e+01,3.509119999999999777e+02,9.972280000000000033e-01,1.798420000000000010e-03,7.388840000000000685e-02,8.543860000000000343e-03
1.959999999999999964e+00,7.085940000000000509e+02,-6.464749999999999375e+01,3.541949999999999932e+02,9.973990000000000355e-01,8.651529999999999290e-03,7.112309999999999466e-02,7.813979999999999884e-03
1.979999999999999982e+00,7.376390000000000100e+02,-6.810850000000000648e+01,3.577429999999999950e+02,9.975730000000000430e-01,6.772399999999999601e-03,6.903040000000000564e-02,6.042559999999999772e-03
2.000000000000000000e+00,7.657119999999999891e+02,-6.911320000000000618e+01,3.610020000000000095e+02,9.976920000000000233e-01,-1.691379999999999923e-03,6.776690000000000491e-02,3.974400000000000328e-03
2.020000000000000018e+00,7.929500000000000455e+02,-7.032989999999999498e+01,3.652230000000000132e+02,9.979120000000000212e-01,-1.642730000000000015e-03,6.450060000000000515e-02,2.808279999999999804e-03
2.040000000000000036e+00,8.197500000000000000e+02,-7.037829999999999586e+01,3.696669999999999732e+02,9.982659999999999867e-01,-3.279119999999999735e-04,5.883000000000000035e-02,2.194660000000000187e-03
2.060000000000000053e+00,8.464329999999999927e+02,-6.711960000000000548e+01,3.719289999999999736e+02,9.985300000000000287e-01,-7.959829999999999336e-03,5.356310000000000238e-02,2.133200000000000027e-03
2.080000000000000071e+00,8.738120000000000118e+02,-6.403100000000000591e+01,3.686850000000000023e+02,9.985300000000000287e-01,-1.409219999999999917e-02,5.229369999999999852e-02,2.230939999999999833e-03
2.100000000000000089e+00,9.040589999999999691e+02,-6.398640000000000327e+01,3.600380000000000109e+02,9.980010000000000270e-01,-7.067620000000000152e-03,6.268790000000000473e-02,3.767169999999999807e-03
2.120000000000000107e+00,9.309660000000000082e+02,-6.888490000000000180e+01,3.600339999999999918e+02,9.978920000000000012e-01,2.352639999999999940e-02,5.978989999999999999e-02,9.156920000000000684e-03
2.140000000000000124e+00,9.581799999999999500e+02,-6.868800000000000239e+01,3.588860000000000241e+02,9.978230000000000155e-01,2.093089999999999881e-02,6.150119999999999892e-02,1.138349999999999952e-02
2.160000000000000142e+00,9.865410000000000537e+02,-6.842000000000000171e+01,3.587239999999999895e+02,9.978399999999999492e-01,8.887539999999999329e-03,6.413249999999999507e-02,1.109109999999999957e-02
2.180000000000000160e+00,1.016639999999999986e+03,-6.973160000000000025e+01,3.576270000000000095e+02,9.975640000000000063e-01,2.276450000000000175e-03,6.887359999999999316e-02,1.082450000000000079e-02
2.200000000000000178e+00,1.047960000000000036e+03,-7.238209999999999411e+01,3.563319999999999936e+02,9.971929999999999961e-01,-2.344520000000000111e-03,7.410319999999999407e-02,1.047020000000000069e-02
2.220000000000000195e+00,1.077839999999999918e+03,-7.223449999999999704e+01,3.583639999999999759e+02,9.971219999999999528e-01,-1.931079999999999949e-02,7.270110000000000461e-02,9.407550000000000634e-03
2.240000000000000213e+00,1.107759999999999991e+03,-7.612919999999999732e+01,3.617529999999999859e+02,9.974009999999999820e-01,-1.482709999999999931e-02,6.986639999999999517e-02,9.440550000000000677e-03
2.260000000000000231e+00,1.137609999999999900e+03,-8.243259999999999366e+01,3.643750000000000000e+02,9.976429999999999465e-01,-9.585680000000000285e-04,6.798120000000000551e-02,9.293849999999999334e-03
2.280000000000000249e+00,1.166940000000000055e+03,-8.858169999999999789e+01,3.669889999999999759e+02,9.976629999999999665e-01,9.893410000000000051e-03,6.702629999999999699e-02,8.815409999999999219e-03
2.300000000000000266e+00,1.195319999999999936e+03,-9.179309999999999548e+01,3.698249999999999886e+02,9.977430000000000465e-01,5.943460000000000236e-03,6.654150000000000342e-02,6.699390000000000379e-03
2.319999999999999840e+00,1.222789999999999964e+03,-9.288290000000000646e+01,3.722280000000000086e+02,9.977740000000000498e-01,-3.507960000000000071e-03,6.648210000000000230e-02,3.855809999999999880e-03
2.339999999999999858e+00,1.249490000000000009e+03,-9.421169999999999334e+01,3.759370000000000118e+02,9.980350000000000055e-01,-2.938839999999999855e-03,6.252649999999999875e-02,2.936699999999999987e-03
2.359999999999999876e+00,1.275940000000000055e+03,-9.411140000000000327e+01,3.786440000000000055e+02,9.983290000000000219e-01,-3.387100000000000093e-03,5.763320000000000248e-02,2.416209999999999799e-03
2.379999999999999893e+00,1.302349999999999909e+03,-9.104389999999999361e+01,3.791000000000000227e+02,9.985239999999999672e-01,-1.177779999999999973e-02,5.294259999999999938e-02,2.786359999999999879e-03
2.399999999999999911e+00,1.329490000000000009e+03,-8.848650000000000659e+01,3.741279999999999859e+02,9.984530000000000349e-01,-1.925349999999999978e-02,5.210100000000000148e-02,2.328390000000000060e-03
2.419999999999999929e+00,1.359069999999999936e+03,-8.965890000000000271e+01,3.651800000000000068e+02,9.980569999999999720e-01,-8.828350000000000433e-03,6.153709999999999736e-02,4.177100000000000431e-03
2.439999999999999947e+00,1.385490000000000009e+03,-9.498860000000000525e+01,3.632400000000000091e+02,9.978879999999999972e-01,1.890210000000000154e-02,6.150289999999999924e-02,8.942870000000000333e-03
2.459999999999999964e+00,1.407890000000000100e+03,-9.687609999999999388e+01,3.606240000000000236e+02,9.975289999999999990e-01,2.332470000000000029e-02,6.555759999999999366e-02,9.736629999999999591e-03
2.479999999999999982e+00,1.440309999999999945e+03,-9.719939999999999714e+01,3.588480000000000132e+02,9.973440000000000083e-01,1.058899999999999945e-02,7.127619999999999789e-02,1.064990000000000034e-02
2.500000000000000000e+00,1.468920000000000073e+03,-9.915290000000000248e+01,3.569220000000000255e+02,9.970139999999999558e-01,2.341980000000000017e-03,7.660970000000000280e-02,9.362630000000000258e-03
2.520000000000000018e+00,1.495569999999999936e+03,-1.000799999999999983e+02,3.593910000000000196e+02,9.970790000000000486e-01,-1.028360000000000038e-02,7.509010000000000684e-02,9.436770000000000574e-03
2.540000000000000036e+00,1.521339999999999918e+03,-1.021580000000000013e+02,3.612320000000000277e+02,9.969240000000000324e-01,-1.453400000000000004e-02,7.637679999999999469e-02,9.884169999999999415e-03
2.560000000000000053e+00,1.545720000000000027e+03,-1.056539999999999964e+02,3.641250000000000000e+02,9.968150000000000066e-01,-9.201640000000000513e-03,7.837689999999999935e-02,1.152000000000000073e-02
2.580000000000000071e+00,1.568349999999999909e+03,-1.096730000000000018e+02,3.674470000000000027e+02,9.966420000000000279e-01,-3.005750000000000175e-03,8.100999999999999868e-02,1.153719999999999919e-02
2.600000000000000089e+00,1.588809999999999945e+03,-1.132560000000000002e+02,3.732930000000000064e+02,9.966970000000000551e-01,2.809079999999999824e-03,8.035109999999999475e-02,1.148129999999999984e-02
2.620000000000000107e+00,1.607660000000000082e+03,-1.157590000000000003e+02,3.801349999999999909e+02,9.967869999999999786e-01,4.463380000000000299e-03,7.923660000000000425e-02,1.085939999999999996e-02
2.640000000000000124e+00,1.624920000000000073e+03,-1.171410000000000053e+02,3.876979999999999791e+02,9.970360000000000333e-01,3.559670000000000022e-03,7.610190000000000010e-02,1.068670000000000037e-02
2.660000000000000142e+00,1.641140000000000100e+03,-1.169669999999999987e+02,3.952080000000000268e+02,9.972630000000000106e-01,2.984689999999999913e-03,7.291279999999999983e-02,1.188610000000000014e-02
2.680000000000000160e+00,1.656690000000000055e+03,-1.150949999999999989e+02,4.017629999999999768e+02,9.975060000000000038e-01,-2.132489999999999906e-03,6.952379999999999671e-02,1.201920000000000072e-02
2.700000000000000178e+00,1.671940000000000055e+03,-1.112360000000000042e+02,4.062389999999999759e+02,9.976279999999999593e-01,-1.433790000000000064e-02,6.639169999999999794e-02,1.117620000000000072e-02
2.720000000000000195e+00,1.687220000000000027e+03,-1.088070000000000022e+02,4.071379999999999768e+02,9.977979999999999627e-01,-1.925030000000000144e-02,6.270870000000000610e-02,9.779690000000000605e-03
2.740000000000000213e+00,1.700990000000000009e+03,-1.087189999999999941e+02,4.082540000000000191e+02,9.985570000000000279e-01,-1.074330000000000077e-02,5.167780000000000290e-02,9.932490000000000416e-03
2.760000000000000231e+00,1.715390000000000100e+03,-1.136389999999999958e+02,4.090819999999999936e+02,9.983220000000000427e-01,2.523709999999999842e-02,4.919570000000000193e-02,1.719810000000000089e-02
2.780000000000000249e+00,1.728980000000000018e+03,-1.120889999999999986e+02,4.091789999999999736e+02,9.982860000000000067e-01,2.378699999999999912e-02,4.845549999999999857e-02,2.262379999999999947e-02
2.800000000000000266e+00,1.742309999999999945e+03,-1.093949999999999960e+02,4.086190000000000282e+02,9.983269999999999644e-01,1.107069999999999929e-02,5.054480000000000084e-02,2.578770000000000021e-02
2.819999999999999840e+00,1.755750000000000000e+03,-1.041919999999999931e+02,4.066329999999999814e+02,9.978719999999999812e-01,-1.837180000000000063e-02,5.707740000000000036e-02,2.562419999999999976e-02
